PK_Site_ID,Sitename,Longitude,Latitude,Site_Technology,Transmission,Landlord,Diesel_Generator,Solar_Power,ESCOM_Main_Grid,Clutter_class 
MW0208, BALAKA , 34.956220 ,-14.989830 , 2G+3G+4G ,Access,TNM, YES ,No,Yes,Residential
MW5581, BEMBEKE , 34.427880 ,-14.357550 , 2G+3G+4G ,Access,Airtel, YES ,No,Yes,Residential
MW0258, BILIRA , 34.846860 ,-14.829250 , 2G+3G+4G ,Access,Airtel, YES ,Yes,Yes,Rural
MW0502, CAPEMACLEAR , 34.834183 ,-14.029848 , 2G+3G+4G ,Access,Airtel, YES ,No,Yes,Rural
MW5926, CFACTORYCOW , 35.030727 ,-14.334634 , 2G+3G+4G ,Access,Airtel, YES ,No,Yes,Rural
MW0257, CHIENDAUSIKU , 35.050043 ,-15.018749 , 2G+3G+4G ,Backbone,Airtel, YES ,Yes,No,Rural
MW0530, CHIKWEWU , 35.669790 ,-14.780950 , 2G+3G+4G ,Access,TNM, YES ,No,Yes,Rural
MW0110, CHILIPA , 34.963955 ,-14.701797 , 2G+3G+4G ,Backbone,Airtel, YES ,Yes,No,Rural
MW0269, CHIMWALA , 35.181273 ,-14.622777 , 2G+3G+4G ,Backbone,Airtel, YES ,No,Yes,Rural
MW0209, CHINGENI , 34.893663 ,-14.958073 , 2G+3G+4G ,Backbone,Airtel, YES ,No,Yes,Residential
MW0501, CHINGOMBE , 34.953164 ,-14.222528 , 2G+3G+4G ,Backbone,Airtel, YES ,No,Yes,Rural
MW0406, CHIPOKA , 34.515041 ,-13.994521 , 2G+3G+4G ,Backbone,Airtel, YES ,No,Yes,Residential
MW0512, CHIPONDE , 35.572552 ,-14.371124 , 2G+3G+4G ,Access,Airtel, YES ,No,Yes,Residential
MW0163, CHIRINGA , 35.740974 ,-15.755605 , 2G+3G+4G ,Access,TNM, YES ,No,Yes,Rural
MW5309, CHOWE , 35.382668 ,-14.423324 , 2G+3G+4G ,Access,Airtel, YES ,Yes,Yes,Rural
MW0351, DEDZA , 34.323700 ,-14.362500 , 2G+3G+4G ,Backbone,MTL, YES ,No,Yes,Residential
MW5605, DEDZAMARKET , 34.334630 ,-14.390530 , 2G+3G+4G ,Access,Airtel, YES ,Yes,Yes,Residential
MW0417, DEDZATOWN , 34.319134 ,-14.384786 , 2G+3G+4G ,Access,Airtel, YES ,No,Yes,Residential
MW0203, DOMASI , 35.388717 ,-15.276585 , 2G+3G+4G ,Backbone,TNM, YES ,No,Yes,Residential
MW0330, GOLOMOTI , 34.600070 ,-14.424869 , 2G+3G+4G ,Backbone,Airtel, YES ,No,Yes,Rural
MW0215, JALI , 35.485361 ,-15.471750 , 2G+3G+4G ,Backbone,Airtel, YES ,No,Yes,Rural
MW0230, KAMPEPUZA , 34.779427 ,-14.869092 , 2G+3G+4G ,Access,Airtel, YES ,No,Yes,Rural
MW5200, KANDEU , 34.618400 ,-14.605400 , 2G+3G+4G ,Access,TNM, YES ,No,No,Rural
MW5209, KANKAO , 34.924400 ,-15.037926 , 2G+3G+4G ,Access,Airtel, YES ,Yes,No,Rural
MW0409, KAPHATENGA , 34.390447 ,-13.757328 , 2G+3G+4G ,Access,Airtel, YES ,No,Yes,Residential
MW5079, KASINJE , 34.737188 ,-14.614830 , 2G+3G+4G ,Access,Airtel, YES ,Yes,Yes,Rural
MW5300, KATULITNM , 35.446000 ,-14.184100 , 2G+3G+4G ,Access,TNM, YES ,No,Yes,Rural
MW5600, LIFIDZI , 34.463293 ,-13.909533 , 2G+3G+4G ,Access,TNM, YES ,No,Yes,Rural
MW0421, LIFUWU , 34.581990 ,-13.688500 , 2G+3G+4G ,Access,TNM, YES ,No,Yes,Rural
MW0405, LIVINGBEACH , 34.625452 ,-13.721645 , 2G+3G+4G ,Access,Airtel, YES ,No,Yes,Rural
MW0204, LIWONDE , 35.227424 ,-15.069222 , 2G+3G+4G ,Access,MTL, YES ,No,Yes,Residential
MW5307, LIWONDENATPA , 35.254347 ,-15.039465 , 2G+3G+4G ,Access,Airtel, YES ,Yes,Yes,Forest
MW5611, LIZULUCHIBWE , 34.498055 ,-14.549684 , 2G+3G+4G ,Access,Airtel, YES ,Yes,Yes,Rural
MW0355, LIZULU , 34.469198 ,-14.521225 , 2G+3G+4G ,Access,Airtel, YES ,No,Yes,Residential
MW0218, MACHINGA , 35.292977 ,-15.176663 , 2G+3G+4G ,Backbone,MHC, YES ,No,Yes,Residential
MW5213, MACHINGATTC , 35.242810 ,-15.134340 , 2G+3G+4G ,Access,Airtel, YES ,No,Yes,Rural
MW0508, MAKANJIRA , 35.041977 ,-13.702627 , 2G+3G+4G ,Access,Airtel, YES ,No,Yes,Rural
MW0524, MALDECO , 35.148813 ,-14.326043 , 2G+3G+4G ,Backbone,Airtel, YES ,No,Yes,Residential
MW0262, MALEMBO , 34.801800 ,-14.302200 , 2G+3G+4G ,Backbone,Airtel, YES ,No,Yes,Rural
MW0117, MALINDI , 35.297300 ,-14.353500 , 2G+3G+4G ,Access,Airtel, YES ,No,Yes,Rural
MW0211, MALOSA , 35.356900 ,-15.211222 , 2G+3G+4G ,Backbone,MTL, YES ,No,Yes,Rural
MW0506, MANGOCHI , 35.268300 ,-14.481100 , 2G+3G+4G ,Backbone,Airtel, YES ,No,Yes,Residential
MW0263, MANGOCHIMBC , 35.228983 ,-14.453989 , 2G+3G+4G ,Access,Airtel, YES ,No,Yes,Residential
MW0264, MANGOCHIWEST , 35.237628 ,-14.484033 , 2G+3G+4G ,Access,Airtel, YES ,Yes,Yes,Rural
MW0217, MANGOCHTUROF , 35.188651 ,-15.042933 , 2G+3G+4G ,Backbone,Airtel, YES ,No,Yes,Residential
MW6213, MANJAWIRA , 34.851910 ,-15.003140 , 2G+3G+4G ,Access,TNM, YES ,No,Yes,Rural
MW5606, MASASA , 34.421036 ,-14.431505 , 2G+3G+4G ,Access,Airtel, YES ,No,Yes,Rural
MW5607, MASASAGOLOMO , 34.521100 ,-14.418320 , 2G+3G+4G ,Access,Airtel, YES ,Yes,Yes,Rural
MW0422, MATOWE , 34.525138 ,-14.154717 , 2G+3G+4G ,Backbone,Airtel, YES ,No,Yes,Rural
MW0510, MBALUKU , 35.279975 ,-14.474782 , 2G+3G+4G ,Access,Airtel, YES ,No,Yes,Residential
MW0164, MIGOWI , 35.702985 ,-15.721642 , 2G+3G+4G ,Access,Airtel, YES ,No,Yes,Residential
MW5211, MITEKETE , 35.669940 ,-15.640000 , 2G+3G+4G ,Access,Airtel, YES ,Yes,Yes,Rural
MW5210, MLANGENI , 34.533310 ,-14.710688 , 2G+3G+4G ,Access,Airtel, YES ,Yes,Yes,Rural
MW5587, MLEKANO , 35.442890 ,-14.424440 , 2G+3G+4G ,Access,Airtel, YES ,No,Yes,Rural
MW0522, MONKEYBAY , 34.929300 ,-14.135500 , 2G+3G+4G ,Access,TNM, YES ,No,Yes,Residential
MW0523, MONKEYBAYPORT , 34.913441 ,-14.082560 , 2G+3G+4G ,Access,MTL, YES ,No,Yes,Residential
MW5304, MPALE , 35.174000 ,-14.750840 , 2G+3G+4G ,Access,Airtel, YES ,Yes,Yes,Rural
MW0268, MPHATE , 34.630375 ,-14.812480 , 2G+3G+4G ,Access,MTL, YES ,No,Yes,Residential
MW5205, MPHEPOZINAI , 34.661480 ,-14.736760 , 2G+3G+4G ,Access,Airtel, YES ,Yes,No,Rural
MW5609, MPONDEZI , 34.588900 ,-13.787300 , 2G+3G+4G ,Access,Airtel, YES ,Yes,No,Rural
MW6116, MSAKA , 34.847901 ,-14.070196 , 2G+3G+4G ,Access,Airtel, YES ,No,Yes,Rural
MW5601, MTAKATAKA , 34.510281 ,-14.224316 , 2G+3G+4G ,Access,TNM, YES ,No,Yes,Rural
MW0404, MUA , 34.513644 ,-14.301126 , 2G+3G+4G ,Access,Airtel, YES ,No,Yes,Rural
MW5212, MULLILODGE , 35.548794 ,-15.856796 , 2G+3G+4G ,Access,TNM, YES ,No,Yes,Rural
MW0270, MUSSA , 35.336300 ,-15.172420 , 2G+3G+4G ,Backbone,Airtel, YES ,No,Yes,Rural
MW5303, MWIMA , 35.181500 ,-14.927930 , 2G+3G+4G ,Access,TNM, YES ,No,Yes,Rural
MW5208, MZAMA , 34.567009 ,-14.901948 , 2G+3G+4G ,Access,Airtel, YES ,Yes,No,Rural
MW5202, NACHITHEME , 34.874440 ,-14.894280 , 2G+3G+4G ,Access,TNM, YES ,No,Yes,Rural
MW5302, NAMALAKA , 35.193400 ,-14.122300 , 2G+3G+4G ,Access,Airtel, YES ,Yes,Yes,Rural
mw5645, NAMKUMBA , 34.815800 ,-14.364200 , 2G+3G+4G ,Access,Airtel, YES ,Yes,No,Rural
MW0507, NAMWELA , 35.472217 ,-14.358981 , 2G+3G+4G ,Access,Airtel, YES ,No,Yes,Residential
MW0525, NAYUCHI , 35.871010 ,-14.977716 , 2G+3G+4G ,Access,TNM, YES ,No,No,Rural
MW6329, NGOKWE , 35.804192 ,-14.708478 , 2G+3G+4G ,Access,Airtel, YES ,Yes,Yes,Rural
MW5602, NGOZI , 34.517340 ,-14.097930 , 2G+3G+4G ,Access,TNM, YES ,No,Yes,Rural
MW0354, NJOLOMOLE , 34.562794 ,-14.649321 , 2G+3G+4G ,Access,Airtel, YES ,No,Yes,Rural
MW5310, NKHUDZILODGE , 35.008560 ,-14.187690 , 2G+3G+4G ,Access,TNM, YES ,No,Yes,Rural
MW0520, NKOPOLA , 35.134630 ,-14.325480 , 2G+3G+4G ,Access,TNM, YES ,No,Yes,Residential
MW0171, NSANAMA , 35.444317 ,-15.035310 , 2G+3G+4G ,Access,Airtel, YES ,Yes,Yes,Rural
MW5593, NSANAMATC , 35.490900 ,-14.993800 , 2G+3G+4G ,Access,TNM, YES ,No,Yes,Residential
MW0219, NSELEMA , 35.552900 ,-14.713944 , 2G+3G+4G ,Access,Airtel, YES ,No,Yes,Residential
MW0504, NTAJA , 35.527382 ,-14.871674 , 2G+3G+4G ,Backbone,MTL, YES ,No,Yes,Residential
MW0206, NTCHEU , 34.608774 ,-14.816200 , 2G+3G+4G ,Backbone,Airtel, YES ,No,Yes,Residential
MW5204, NTCHEUHOSP , 34.640100 ,-14.818590 , 2G+3G+4G ,Access,Airtel, YES ,Yes,Yes,Residential
MW5206, NTONDA , 34.759384 ,-15.023435 , 2G+3G+4G ,Access,Airtel, YES ,Yes,No,Rural
MW5301, PALMBEACH , 35.202238 ,-14.400943 , 2G+3G+4G ,Access,TNM, YES ,No,Yes,Rural
MW5612, PEMBA , 34.529000 ,-13.832200 , 2G+3G+4G ,Access,Airtel, YES ,Yes,No,Rural
MW0108, PHALOMBE , 35.645730 ,-15.815810 , 2G+3G+4G ,Access,TNM, YES ,No,Yes,Residential
MW6015, PHALONI , 35.754000 ,-15.626540 , 2G+3G+4G ,Access,Airtel, YES ,No,No,Rural
MW0210, PHALULA , 34.889683 ,-15.223130 , 2G+3G+4G ,Backbone,Airtel, YES ,No,Yes,Residential
MW0503, RADIOMARIA , 35.172200 ,-14.546214 , 2G+3G+4G ,Access,Airtel, YES ,No,Yes,Residential
MW5616, SALIAIRWAYS , 34.578698 ,-13.755817 , 2G+3G+4G ,Access,Airtel, YES ,No,Yes,Rural
MW0401, SALIMA , 34.455800 ,-13.780525 , 2G+3G+4G ,Backbone,MTL, YES ,No,Yes,Rural
MW5691, SALIMARELIF , 34.512350 ,-13.775858 , 2G+3G+4G ,Access,Airtel, YES ,Yes,Yes,Rural
MW0477, SALIMARES , 34.438875 ,-13.769432 , 2G+3G+4G ,Access,Airtel, YES ,No,Yes,Residential
MW0402, SENGABAY , 34.612020 ,-13.778303 , 2G+3G+4G ,Access,Airtel, YES ,No,Yes,Residential
MW5201, SENZANI , 34.860040 ,-15.070920 , 2G+3G+4G ,Access,TNM, YES ,No,Yes,Rural
MW0259, SHARPEVALLEY , 34.730400 ,-14.605260 , 2G+3G+4G ,Access,Airtel, YES ,Yes,Yes,Rural
MW0216, SONGANI , 35.388185 ,-15.320950 , 2G+3G+4G ,Backbone,Airtel, YES ,No,Yes,Rural
MW0521, SUNNSAND , 35.084360 ,-14.257660 , 2G+3G+4G ,Access,TNM, YES ,No,Yes,Rural
MW0256, TSANGANO , 34.606411 ,-15.027735 , 2G+3G+4G ,Access,Airtel, YES ,Yes,Yes,Rural
MW6370, TSANGANOPROP , 34.609070 ,-15.185460 , 2G+3G+4G ,Access,TNM, YES ,No,Yes,Rural
MW0233, TSANGANOTURNO , 34.568069 ,-14.771747 , 2G+3G+4G ,Access,Airtel, YES ,No,Yes,Rural
MW5207, ULONGWE2MBELA , 35.057856 ,-14.912376 , 2G+3G+4G ,Access,TNM, YES ,Yes,Yes,Rural
MW0505, ULONGWE , 35.172881 ,-14.845751 , 2G+3G+4G ,Backbone,Airtel, YES ,No,Yes,Residential
MW5203, UTALE , 35.067135 ,-15.178200 , 2G+3G+4G ,Access,Airtel, YES ,Yes,Yes,Rural
MW0322, AREA10 , 33.803900 ,-13.939600 , 2G+3G+4G ,Access,Airtel, YES ,No,Yes,Dense Urban
MW5530, AREA10PTC , 33.792500 ,-13.935700 , 2G+3G+4G ,Access,Airtel, YES ,No,Yes,Dense Urban
MW5510, AREA11 , 33.800700 ,-13.952900 , 2G+3G+4G ,Access,Airtel, YES ,No,Yes,Dense Urban
MW0374, AREA12 , 33.812775 ,-13.955387 , 2G+3G+4G ,Access,Airtel, YES ,No,Yes,Dense Urban
MW0378, AREA14 , 33.774268 ,-13.960405 , 2G+3G+4G ,Access,CAN, YES ,No,Yes,Dense Urban
MW0364, AREA18A , 33.779100 ,-13.935500 , 2G+3G+4G ,Access,MHC, YES ,No,Yes,Dense Urban
MW6326, AREA18B , 33.773160 ,-13.942190 , 2G+3G+4G ,Access,TNM, YES ,No,Yes,Dense Urban
MW0381, AREA18 , 33.759932 ,-13.934977 , 2G+3G+4G ,Access,MHC, YES ,No,Yes,Dense Urban
MW0313, AREA23 , 33.823700 ,-14.007150 , 2G+3G+4G ,Backbone,Airtel, YES ,No,Yes,Dense Urban
MW0400, AREA23EAST , 33.834587 ,-14.007172 , 2G+3G+4G ,Access,Airtel, YES ,No,Yes,Dense Urban
MW5541, AREA23NORTH , 33.835490 ,-13.997620 , 2G+3G+4G ,Access,TNM, YES ,Yes,Yes,Dense Urban
MW0386, AREA24 , 33.809514 ,-14.007847 , 2G+3G+4G ,Access,Airtel, YES ,No,Yes,Dense Urban
MW0389, AREA25B , 33.753068 ,-13.889207 , 2G+3G+4G ,Access,Airtel, YES ,No,Yes,Dense Urban
MW0475, AREA25C , 33.773067 ,-13.887020 , 2G+3G+4G ,Access,Airtel, YES ,No,Yes,Dense Urban
MW5514,AREA25SECTOR7,33.75154693,-13.88347804, 2G+3G+4G ,Access,Airtel, YES ,No,Yes,Dense Urban
MW0312, AREA2 , 33.781693 ,-13.989984 , 2G+3G+4G ,Access,Airtel, YES ,No,Yes,Dense Urban
MW5501, AREA2RESIDENT , 33.778050 ,-13.983530 , 2G+3G+4G ,Access,TNM, YES ,No,Yes,Dense Urban
MW0471, AREA36EAST , 33.795080 ,-14.028660 , 2G+3G+4G ,Access,Airtel, YES ,No,Yes,Dense Urban
MW0397, AREA36 , 33.785665 ,-14.017975 , 2G+3G+4G ,Access,Airtel, YES ,No,Yes,Dense Urban
MW0473, AREA36WEST , 33.776242 ,-14.027985 , 2G+3G+4G ,Access,Airtel, YES ,No,Yes,Dense Urban
MW0311, AREA3 , 33.753181 ,-14.004398 , 2G+3G+4G ,Access,Airtel, YES ,No,Yes,Dense Urban
MW5934, AREA3MESSES , 33.758735 ,-13.991376 , 2G+3G+4G ,Access,TNM, YES ,Yes,Yes,Dense Urban
MW0367, AREA43 , 33.790910 ,-13.912070 , 2G+3G+4G ,Access,TNM, YES ,No,Yes,Dense Urban
MW6327, AREA43NEW , 33.812340 ,-13.922500 , 2G+3G+4G ,Access,TNM, YES ,No,Yes,Dense Urban
MW5522, AREA44BARRACK , 33.820200 ,-13.979270 , 2G+3G+4G ,Access,TNM, YES ,No,Yes,Dense Urban
MW6328, AREA47ABC , 33.746400 ,-13.969510 , 2G+3G+4G ,Access,TNM, YES ,No,Yes,Dense Urban
MW0314, AREA47 , 33.751145 ,-13.954063 , 2G+3G+4G ,Access,MHC, YES ,No,Yes,Dense Urban
MW0450, AREA47S2 , 33.758700 ,-13.957500 , 2G+3G+4G ,Access,TNM, YES ,No,Yes,Dense Urban
MW0396, AREA49 , 33.745706 ,-13.920503 , 2G+3G+4G ,Access,Airtel, YES ,No,Yes,Dense Urban
MW0305, AREA50 , 33.758377 ,-13.899956 , 2G+3G+4G ,Access,MTL, YES ,No,Yes,Dense Urban
MW5515, AREA50WEST , 33.745642 ,-13.907180 , 2G+3G+4G ,Access,Airtel, YES ,Yes,Yes,Dense Urban
MW0368, AREA9 , 33.746500 ,-13.977461 , 2G+3G+4G ,Access,Airtel, YES ,No,Yes,Dense Urban
MW6323, AREA3BARONAV , 33.761696 ,-13.997836 , 2G+3G+4G ,Access,Airtel, YES ,No,Yes,Dense Urban
MW0301, BIWI , 33.785902 ,-14.009843 , 2G+3G+4G ,Access,Airtel, YES ,No,Yes,Dense Urban
MW0369, BIWIEAST , 33.799463 ,-14.007515 , 2G+3G+4G ,Access,Airtel, YES ,No,Yes,Dense Urban
MW0366, BIWIRESIDENT , 33.794630 ,-14.000260 , 2G+3G+4G ,Access,TNM, YES ,No,Yes,Dense Urban
MW0309, BUNDA , 33.775310 ,-14.178400 , 2G+3G+4G ,Access,TNM, YES ,No,Yes,Residential
MW0333, BUNDATURN , 33.801970 ,-14.059700 , 2G+3G+4G ,Backbone,Airtel, YES ,No,Yes,Dense Urban
MW0398, BWAILAHSPITAL , 33.775105 ,-13.990198 , 2G+3G+4G ,Access,Airtel, YES ,No,Yes,Dense Urban
MW0320, CAPITALHILL , 33.790235 ,-13.945823 , 2G+3G+4G ,Access,MBC, YES ,No,Yes,Dense Urban
MW0411, CHIGONEKA , 33.751476 ,-13.968538 , 2G+3G+4G ,Access,MHC, YES ,No,Yes,Dense Urban
MW0385, CHILAMBULA , 33.775640 ,-13.973670 , 2G+3G+4G ,Access,Airtel, YES ,No,Yes,Dense Urban
MW0412, CHILINDE , 33.809750 ,-13.994960 , 2G+3G+4G ,Access,TNM, YES ,No,Yes,Dense Urban
MW5527, CHIPASULA22 , 33.815658 ,-14.030272 , 2G+3G+4G ,Access,Airtel, YES ,Yes,Yes,Dense Urban
MW0377, CHIPASULA , 33.803700 ,-14.015700 , 2G+3G+4G ,Access,Airtel, YES ,No,Yes,Dense Urban
MW0410, CITYCENTRE , 33.792785 ,-13.959083 , 2G+3G+4G ,Access,Airtel, YES ,No,Yes,Dense Urban
MW5525, CROSSROADS , 33.759228 ,-13.976133 , 2G+3G+4G ,Access,Airtel, YES ,No,Yes,Dense Urban
MW5517, DONBOSCORC , 33.821928 ,-14.014982 , 2G+3G+4G ,Access,Airtel, YES ,No,Yes,Dense Urban
MW0358, DUBAI , 33.761200 ,-13.917110 , 2G+3G+4G ,Access,TNM, YES ,No,Yes,Dense Urban
MW5552, DUBAINORTH , 33.753000 ,-13.906700 , 2G+3G+4G ,Access,Airtel, YES ,Yes,Yes,Dense Urban
MW0365, DZENZA , 33.765450 ,-13.874798 , 2G+3G+4G ,Access,Airtel, YES ,No,Yes,Dense Urban
MW5506, DZENZAMISSION , 33.748760 ,-13.877503 , 2G+3G+4G ,Access,Airtel, YES ,Yes,Yes,Dense Urban
MW0387, FLEAMARKET , 33.771734 ,-13.981865 , 2G+3G+4G ,Access,TNM, YES ,No,Yes,Dense Urban
MW5924, AREA12VILLA , 33.812020 ,-13.961060 , 2G+3G+4G ,Access,TNM, YES ,No,Yes,Dense Urban
MW0310, KAGAMEHIGHWAY , 33.769097 ,-13.979105 , 2G+3G+4G ,Access,Airtel, YES ,No,Yes,Dense Urban
MW0474, KALIYEKA , 33.808761 ,-14.001753 , 2G+3G+4G ,Access,Airtel, YES ,No,Yes,Dense Urban
MW0325, KAMUZUAIRPORT , 33.784717 ,-13.781480 , 2G+3G+4G ,Backbone,Airtel, YES ,No,Yes,Dense Urban
MW0472, KANENGO , 33.798580 ,-13.898177 , 2G+3G+4G ,Access,Airtel, YES ,No,Yes,Dense Urban
MW5500, KANENGOESCOM , 33.791028 ,-13.896600 , 2G+3G+4G ,Backbone,ESCOM, YES ,No,Yes,Dense Urban
MW5511, KANENGOGATE , 33.802883 ,-13.871021 , 2G+3G+4G ,Access,MBC, YES ,No,Yes,Dense Urban
MW5508, KANENGOWH , 33.783235 ,-13.908627 , 2G+3G+4G ,Access,Airtel, YES ,No,Yes,Dense Urban
MW5516, KANGOMA , 33.882877 ,-13.976158 , 2G+3G+4G ,Access,Airtel, YES ,Yes,Yes,Dense Urban
MW5513, KAUMA , 33.823665 ,-13.941512 , 2G+3G+4G ,Access,ACL, YES ,No,Yes,Dense Urban
MW0383, KAWALE , 33.801778 ,-13.992933 , 2G+3G+4G ,Access,Airtel, YES ,No,Yes,Dense Urban
MW5550, KAWALEPROPER , 33.796906 ,-13.985983 , 2G+3G+4G ,Access,Airtel, YES ,No,Yes,Dense Urban
MW0382, KCH , 33.784912 ,-13.975607 , 2G+3G+4G ,Access,Airtel, YES ,No,Yes,Dense Urban
MW0303, LILONGWETOWER , 33.761482 ,-13.980810 , 2G+3G+4G ,Backbone,MTL, YES ,No,Yes,Dense Urban
MW0399, LLBUSDEPOT , 33.774678 ,-13.997130 , 2G+3G+4G ,Access,Airtel, YES ,No,Yes,Dense Urban
MW0388, LLEMBASSIES , 33.786588 ,-13.960972 , 2G+3G+4G ,Access,Airtel, YES ,No,Yes,Dense Urban
MW0371, LUMBADZI , 33.808793 ,-13.758627 , 2G+3G+4G ,Access,Airtel, YES ,No,Yes,Dense Urban
MW5603, LUMBADZITC , 33.815194 ,-13.772720 , 2G+3G+4G ,Access,Airtel, YES ,No,Yes,Dense Urban
MW0384, MAGWERO , 33.804692 ,-13.830792 , 2G+3G+4G ,Access,TNM, YES ,No,Yes,Dense Urban
MW0375, MALANGALANGA , 33.777454 ,-14.000538 , 2G+3G+4G ,Access,Airtel, YES ,No,Yes,Dense Urban
MW0376, MARKET , 33.766568 ,-13.991281 , 2G+3G+4G ,Access,Airtel, YES ,No,Yes,Dense Urban
MW0319, MATILES , 33.753219 ,-13.990006 , 2G+3G+4G ,Access,Airtel, YES ,No,Yes,Dense Urban
MW0466, MAULA , 33.773300 ,-13.967990 , 2G+3G+4G ,Access,MHC, YES ,No,Yes,Dense Urban
MW5544, MBADZI , 33.686110 ,-13.946270 , 2G+3G+4G ,Access,Airtel, YES ,No,Yes,Dense Urban
MW0307, MCHESI , 33.790128 ,-13.988470 , 2G+3G+4G ,Access,Airtel, YES ,No,Yes,Dense Urban
MW0340, MITUNDU , 33.767986 ,-14.255997 , 2G+3G+4G ,Access,Airtel, YES ,No,Yes,Residential
MW0393, MSUNGWI , 33.760922 ,-13.885742 , 2G+3G+4G ,Access,Airtel, YES ,No,Yes,Dense Urban
MW0467, MTANDIRE , 33.741184 ,-13.944407 , 2G+3G+4G ,Access,Airtel, YES ,No,Yes,Dense Urban
MW5406, NANJIRI , 33.858665 ,-14.088808 , 2G+3G+4G ,Access,Airtel, YES ,Yes,Yes,Dense Urban
MW6320, NEWSHIRE , 33.739657 ,-13.931256 , 2G+3G+4G ,Access,Airtel, YES ,No,Yes,Dense Urban
MW0331, NEWSTATEHOUSE , 33.849480 ,-13.960640 , 2G+3G+4G ,Access,Airtel, YES ,No,Yes,Dense Urban
MW0336, NGWENYA , 33.807593 ,-14.030003 , 2G+3G+4G ,Access,Airtel, YES ,No,Yes,Dense Urban
MW0334, NJEWA , 33.714043 ,-13.974147 , 2G+3G+4G ,Access,Airtel, YES ,No,Yes,Dense Urban
MW0391, OLDTOWN , 33.781220 ,-13.995230 , 2G+3G+4G ,Access,Airtel, YES ,No,Yes,Dense Urban
MW0302, SILOS , 33.807312 ,-13.892158 , 2G+3G+4G ,Access,Airtel, YES ,No,Yes,Dense Urban
MW0390, SILVERSTADIUM , 33.766690 ,-13.952110 , 2G+3G+4G ,Access,TNM, YES ,No,Yes,Dense Urban
MW5502, STANSFILDHSE , 33.767579 ,-13.986421 , 2G+3G+4G ,Access,Airtel, YES ,No,Yes,Dense Urban
MW0457, STATEHOUSE2 , 33.840302 ,-13.963077 , 2G+3G+4G ,Access,Airtel, YES ,No,Yes,Dense Urban
MW5526, TSABANGO , 33.792655 ,-14.007525 , 2G+3G+4G ,Access,Airtel, YES ,Yes,Yes,Dense Urban
MW0323, YOUTHCENTRE , 33.805750 ,-13.979330 , 2G+3G+4G ,Access,Airtel, YES ,No,Yes,Dense Urban
MW0462, BISAI , 33.946780 ,-14.204490 , 2G+3G+4G ,Access,Airtel, YES ,Yes,No,Rural
MW0339, CHEZI , 34.029093 ,-13.741132 , 2G+3G+4G ,Backbone,MTL, YES ,No,Yes,Rural
MW5416, CHIGAMBA , 34.032360 ,-13.584370 , 2G+3G+4G ,Access,Airtel, YES ,Yes,No,Rural
MW0407, CHIGWIRIZANO , 33.702255 ,-14.039027 , 2G+3G+4G ,Access,Airtel, YES ,No,Yes,Dense Urban
MW0359, CHIMBIYA , 34.159000 ,-14.286400 , 2G+3G+4G ,Access,Airtel, YES ,No,Yes,Residential
MW0420, CHIMWAZA , 33.755200 ,-13.653361 , 2G+3G+4G ,Backbone,Airtel, YES ,No,Yes,Rural
MW0379, CHINSAPO , 33.720339 ,-14.010594 , 2G+3G+4G ,Access,Airtel, YES ,No,Yes,Dense Urban
MW5400, CHINSAPORES , 33.715235 ,-14.018215 , 2G+3G+4G ,Access,Airtel, YES ,No,Yes,Dense Urban
MW5116, CHIOSHYA , 33.174870 ,-13.796110 , 2G+3G+4G ,Access,Airtel, YES ,Yes,Yes,Rural
MW5585, CHIOZARP , 33.965750 ,-14.141250 , 2G+3G+4G ,Access,MTL, YES ,No,Yes,Rural
MW5610, CHITALA , 34.272800 ,-13.671780 , 2G+3G+4G ,Access,Airtel, YES ,Yes,Yes,Rural
MW0335, CHITEDZE , 33.640267 ,-13.985885 , 2G+3G+4G ,Access,MTL, YES ,No,Yes,Dense Urban
MW0317, CHITIPI , 33.704496 ,-14.008964 , 2G+3G+4G ,Access,Airtel, YES ,No,Yes,Dense Urban
MW5613, CHITOFF , 34.215037 ,-13.762987 , 2G+3G+4G ,Access,Airtel, YES ,Yes,No,Rural
MW0318, COLDSTORAGE , 33.733234 ,-14.013166 , 2G+3G+4G ,Access,Airtel, YES ,No,Yes,Dense Urban
MW6318, DICKSONTC , 33.659400 ,-14.266250 , 2G+3G+4G ,Access,Airtel, YES ,No,Yes,Residential
MW0338, DOWA , 33.935600 ,-13.665700 , 2G+3G+4G ,Access,MTL, YES ,No,Yes,Rural
MW5408, DZALEKA , 33.865700 ,-13.660050 , 2G+3G+4G ,Access,Airtel, YES ,Yes,Yes,Residential
MW0478, KABUDULA , 33.448490 ,-13.820730 , 2G+3G+4G ,Access,TNM, YES ,No,Yes,Residential
MW6313, KABWAZI , 33.986670 ,-14.283220 , 2G+3G+4G ,Access,TNM, YES ,No,Yes,Rural
MW0352, KAMPHATA , 34.007555 ,-14.104500 , 2G+3G+4G ,Backbone,Airtel, YES ,No,Yes,Residential
MW0361, KAMWENDO , 33.045798 ,-13.833950 , 2G+3G+4G ,Backbone,MTL, YES ,No,Yes,Residential
MW5615, KASINA , 34.130380 ,-14.141190 , 2G+3G+4G ,Access,Airtel, YES ,No,Yes,Rural
MW0348, KASIYA , 33.364166 ,-13.768500 , 2G+3G+4G ,Access,Airtel, YES ,Yes,Yes,Residential
MW0395, KHOMBEDZA , 34.313259 ,-13.592965 , 2G+3G+4G ,Access,TNM, YES ,No,Yes,Residential
MW5411, KOCHILILA , 33.042220 ,-13.791690 , 2G+3G+4G ,Access,Airtel, YES ,No,Yes,Rural
MW0304, LIKUNI , 33.697048 ,-14.027931 , 2G+3G+4G ,Access,Airtel, YES ,No,Yes,Dense Urban
MW0316, LIKUNIHOSP , 33.713235 ,-14.025245 , 2G+3G+4G ,Access,Airtel, YES ,No,Yes,Dense Urban
MW0394, LINTHIPE , 34.133194 ,-14.182138 , 2G+3G+4G ,Access,Airtel, YES ,No,Yes,Rural
MW0392, LOBI , 34.075150 ,-14.390055 , 2G+3G+4G ,Access,MTL, YES ,No,Yes,Rural
MW5592, LUDZI , 33.076440 ,-13.890110 , 2G+3G+4G ,Access,Airtel, YES ,Yes,Yes,Rural
MW6219, LUDZIPROPER , 32.990270 ,-13.761820 , 2G+3G+4G ,Access,Airtel, YES ,No,Yes,Rural
MW0344, MALINGUNDE , 33.634726 ,-14.164565 , 2G+3G+4G ,Access,Airtel, YES ,No,Yes,Residential
MW0353, MALIRANA , 34.077504 ,-14.311642 , 2G+3G+4G ,Access,MTL, YES ,No,Yes,Rural
MW5944, MATAPILA , 33.976128 ,-14.011662 , 2G+3G+4G ,Access,Airtel, YES ,Yes,Yes,Rural
MW0357, MAYANI , 34.253861 ,-14.105750 , 2G+3G+4G ,Access,Airtel, YES ,Yes,Yes,Rural
MW0360, MCHINJI , 32.885680 ,-13.788396 , 2G+3G+4G ,Backbone,MTL, YES ,No,Yes,Residential
MW0468, MCHINJIRES , 32.903710 ,-13.780870 , 2G+3G+4G ,Access,Airtel, YES ,Yes,No,Rural
MW0415, MCHINJITOWN , 32.887360 ,-13.800240 , 2G+3G+4G ,Access,Airtel, YES ,No,Yes,Residential
MW5407, MIKUNDI , 33.045840 ,-13.673840 , 2G+3G+4G ,Access,Airtel, YES ,Yes,No,Rural
MW6396, MIKUNDIPROPER , 33.136282 ,-13.706412 , 2G+3G+4G ,Access,TNM, YES ,No,Yes,Residential
MW5405, MPINGU , 33.589543 ,-13.989702 , 2G+3G+4G ,Access,Airtel, YES ,No,Yes,Dense Urban
MW0306, MSUNDWE , 33.457590 ,-14.021063 , 2G+3G+4G ,Backbone,MTL, YES ,No,Yes,Residential
MW0337, MVERA , 34.108375 ,-13.727011 , 2G+3G+4G ,Access,TNM, YES ,No,Yes,Rural
MW0408, MVERASUPPORT , 34.134495 ,-13.776565 , 2G+3G+4G ,Access,Airtel, YES ,No,Yes,Rural
MW5415, MWAMIBOARDER , 32.805220 ,-13.757060 , 2G+3G+4G ,Access,TNM, YES ,No,Yes,Residential
MW0600, MWMANGOES , 34.393172 ,-13.629923 , 2G+3G+4G ,Access,Airtel, YES ,No,Yes,Rural
MW0349, NAMBUMA , 33.646436 ,-13.714142 , 2G+3G+4G ,Access,Airtel, YES ,Yes,Yes,Rural
MW0416, NAMBUMATOWN , 33.605010 ,-13.706300 , 2G+3G+4G ,Access,Airtel, YES ,Yes,Yes,Residential
MW0332, NAMITETE , 33.362678 ,-14.019601 , 2G+3G+4G ,Access,Airtel, YES ,No,Yes,Residential
MW5403, NAMITONDO , 33.350167 ,-13.979111 , 2G+3G+4G ,Access,Airtel, YES ,No,Yes,Residential
MW0370, NATHENJE , 33.904389 ,-14.086333 , 2G+3G+4G ,Backbone,Airtel, YES ,No,Yes,Residential
MW0315, NATURALRESCOL , 33.673590 ,-14.020390 , 2G+3G+4G ,Access,TNM, YES ,No,Yes,Dense Urban
MW5608, NJONJA , 34.009583 ,-14.442800 , 2G+3G+4G ,Access,Airtel, YES ,Yes,No,Rural
MW0308, NKHOMA , 34.100138 ,-14.045361 , 2G+3G+4G ,Access,Airtel, YES ,No,Yes,Residential
MW5412, NKHOTA , 32.907391 ,-13.641710 , 2G+3G+4G ,Access,Airtel, YES ,Yes,No,Rural
MW0363, NKHWAZI , 33.176434 ,-13.920082 , 2G+3G+4G ,Access,Airtel, YES ,No,Yes,Rural
MW5543, NRCTOFF , 33.665680 ,-13.994906 , 2G+3G+4G ,Access,Airtel, YES ,No,Yes,Dense Urban
MW0347, NSALU , 33.514420 ,-13.886530 , 2G+3G+4G ,Access,TNM, YES ,No,Yes,Residential
MW5404, WALIRANJI , 33.275964 ,-13.976562 , 2G+3G+4G ,Access,Airtel, YES ,No,Yes,Rural
MW5707, BENGA , 34.243900 ,-13.386800 , 2G+3G+4G ,Access,TNM, YES ,Yes,Yes,Rural
MW5708, BOWE , 33.695260 ,-13.299280 , 2G+3G+4G ,Access,Airtel, YES ,Yes,No,Rural
MW5604, BUA , 33.522913 ,-13.285162 , 2G+3G+4G ,Backbone,Airtel, YES ,Yes,Yes,Rural
MW0372, CHAMAMA , 33.798890 ,-12.923250 , 2G+3G+4G ,Access,TNM, YES ,Yes,Yes,Residential
MW5715, CHATAMA , 33.742440 ,-13.350640 , 2G+3G+4G ,Access,Airtel, YES ,Yes,No,Rural
MW0342, CHATOLOMA , 33.486500 ,-12.700610 , 2G+3G+4G ,Access,TNM, YES ,No,Yes,Residential
MW0693, CHIKANGAWA , 33.821183 ,-11.827599 , 2G+3G+4G ,Backbone,MTL, YES ,No,Yes,Rural
MW5716, CHILOOKA , 33.882153 ,-13.280082 , 2G+3G+4G ,Access,Airtel, YES ,Yes,No,Rural
MW0463, CHILUNGUZI , 34.050900 ,-12.437000 , 2G+3G+4G ,Backbone,Airtel, YES ,No,Yes,Rural
MW5719, CHINKHOMA2 , 33.363590 ,-13.178560 , 2G+3G+4G ,Access,Airtel, YES ,Yes,No,Rural
MW0346, CHINKHOMA , 33.501579 ,-13.228659 , 2G+3G+4G ,Access,Airtel, YES ,No,Yes,Residential
MW5409, CHISEPO , 33.488810 ,-13.588150 , 2G+3G+4G ,Access,Airtel, YES ,Yes,No,Rural
MW5702, CHULUTC , 33.308300 ,-12.820806 , 2G+3G+4G ,Access,Airtel, YES ,No,Yes,Rural
MW0350, CHULUTURNOFF , 33.443619 ,-12.821717 , 2G+3G+4G ,Access,Airtel, YES ,No,Yes,Rural
MW5700, DWAMBAZI , 33.995929 ,-12.238058 , 2G+3G+4G ,Access,Airtel, YES ,No,Yes,Rural
MW0403, DWANGWA , 34.115561 ,-12.544291 , 2G+3G+4G ,Access,MBC, YES ,No,Yes,Residential
MW6317, DWANGWAPROPER , 34.108978 ,-12.506916 , 2G+3G+4G ,Access,TNM, YES ,No,Yes,Residential
MW5709, DWANGWATC , 34.103214 ,-12.465396 , 2G+3G+4G ,Access,Airtel, YES ,Yes,Yes,Residential
MW5620, EDINGENI , 33.313560 ,-12.046800 , 2G+3G+4G ,Access,TNM, YES ,No,Yes,Rural
MW0618, EMBANGWENI , 33.474360 ,-12.138420 , 2G+3G+4G ,Access,Airtel, YES ,No,Yes,Rural
MW0424, FACTORY , 34.156760 ,-12.498020 , 2G+3G+4G ,Backbone,TNM, YES ,No,Yes,Residential
MW0691, JENDA , 33.575361 ,-12.325859 , 2G+3G+4G ,Backbone,Airtel, YES ,No,Yes,Residential
MW5901, JENDATOWN , 33.551311 ,-12.362121 , 2G+3G+4G ,Access,Airtel, YES ,Yes,Yes,Residential
MW5710, KACHENJE , 33.176163 ,-13.303950 , 2G+3G+4G ,Access,Airtel, YES ,Yes,No,Rural
MW0327, KAMUZUACADEMY , 33.682651 ,-13.025329 , 2G+3G+4G ,Access,Airtel, YES ,No,Yes,Residential
MW5703, KAMUZUAP , 33.680881 ,-13.036973 , 2G+3G+4G ,Access,Airtel, YES ,No,Yes,Residential
MW0356, KAPIRI , 33.179868 ,-13.533956 , 2G+3G+4G ,Access,Airtel, YES ,No,Yes,Rural
MW0469, KAPIRITOWN , 33.172922 ,-13.548371 , 2G+3G+4G ,Access,Airtel, YES ,No,Yes,Rural
MW5706, KASITU , 34.030578 ,-12.308689 , 2G+3G+4G ,Access,Airtel, YES ,No,Yes,Rural
MW0465, KASUNGMW , 33.478467 ,-13.048035 , 2G+3G+4G ,Access,Airtel, YES ,No,Yes,Residential
MW0326, KASUNGU , 33.495667 ,-13.044462 , 2G+3G+4G ,Backbone,Airtel, YES ,No,Yes,Residential
MW0464, KASUNGUMART , 33.490070 ,-13.022326 , 2G+3G+4G ,Access,Airtel, YES ,No,Yes,Residential
MW0380, KASUNGUTOWN , 33.481558 ,-13.037224 , 2G+3G+4G ,Access,MTL, YES ,No,Yes,Residential
MW5711, KASUNGUTTC , 33.469305 ,-13.016902 , 2G+3G+4G ,Access,Airtel, YES ,No,Yes,Residential
MW5714, KAWAMBA , 33.338680 ,-13.297446 , 2G+3G+4G ,Access,Airtel, YES ,Yes,Yes,Rural
MW5414, KAYEMBE , 33.577645 ,-13.613522 , 2G+3G+4G ,Access,Airtel, YES ,Yes,No,Rural
MW0345, LIFUPA , 33.144405 ,-13.054374 , 2G+3G+4G ,Access,Airtel, YES ,Yes,No,Forest
MW5717, LISANDWA , 33.435327 ,-13.316705 , 2G+3G+4G ,Access,Airtel, YES ,Yes,No,Rural
MW5586, LIWALADZIRP , 34.144530 ,-12.595100 , 2G+3G+4G ,Access,MTL, YES ,No,Yes,Rural
MW5713, LOZI , 34.246540 ,-12.846570 , 2G+3G+4G ,Access,Airtel, YES ,No,Yes,Rural
MW0461, MABULABO , 33.561666 ,-12.599189 , 2G+3G+4G ,Backbone,Airtel, YES ,Yes,No,Rural
MW0328, MADISI , 33.583250 ,-13.382470 , 2G+3G+4G ,Backbone,TNM, YES ,No,Yes,Rural
MW0419, MADISITC , 33.610300 ,-13.418300 , 2G+3G+4G ,Access,Airtel, YES ,No,Yes,Residential
MW0373, MALOMO , 33.839888 ,-13.150109 , 2G+3G+4G ,Access,Airtel, YES ,No,Yes,Residential
MW0719, MANYAMULA , 33.445890 ,-11.944560 , 2G+3G+4G ,Access,TNM, YES ,No,Yes,Rural
MW0362, MKANDA , 32.981620 ,-13.509587 , 2G+3G+4G ,Access,TNM, YES ,Yes,Yes,Rural
MW0324, MPONELA , 33.764722 ,-13.559524 , 2G+3G+4G ,Backbone,MTL, YES ,No,Yes,Rural
MW0425, MPONELATC , 33.736103 ,-13.531822 , 2G+3G+4G ,Access,Airtel, YES ,No,Yes,Residential
MW5911, MUQUOCHA , 33.312948 ,-12.244527 , 2G+3G+4G ,Access,Airtel, YES ,No,Yes,Rural
MW0413, MWANSAMBO , 34.109111 ,-13.309250 , 2G+3G+4G ,Access,Airtel, YES ,Yes,Yes,Rural
MW0458, MWANSAMBOTF , 34.313068 ,-13.216100 , 2G+3G+4G ,Backbone,TNM, YES ,No,Yes,Rural
MW0470, NKANDATOWN , 32.956143 ,-13.520401 , 2G+3G+4G ,Access,TNM, YES ,Yes,Yes,Residential
MW0343, NKHAMENYA , 33.508820 ,-12.576679 , 2G+3G+4G ,Access,Airtel, YES ,No,Yes,Residential
MW5704, NKHOTAKOTABOM , 34.294487 ,-12.931596 , 2G+3G+4G ,Access,Airtel, YES ,No,Yes,Residential
MW0321, NKHOTAKOTA , 34.287427 ,-12.927085 , 2G+3G+4G ,Access,MTL, YES ,No,Yes,Residential
MW0329, NTCHISI , 33.918499 ,-13.327193 , 2G+3G+4G ,Backbone,MTL, YES ,No,Yes,Residential
MW0418, NTCHISITOWN , 33.916550 ,-13.356317 , 2G+3G+4G ,Access,Airtel, YES ,No,Yes,Residential
MW5718, NTHUMBIDWA , 33.621210 ,-13.158611 , 2G+3G+4G ,Access,Airtel, YES ,Yes,No,Rural
MW5712, NTHUNDUWALA , 33.103360 ,-13.325660 , 2G+3G+4G ,Access,Airtel, YES ,Yes,No,Rural
MW0414, SANI , 34.305242 ,-13.023492 , 2G+3G+4G ,Backbone,Airtel, YES ,No,Yes,Rural
MW5306, SANTHE2 , 33.266343 ,-13.446417 , 2G+3G+4G ,Access,Airtel, YES ,Yes,No,Residential
MW0341, SANTHE , 33.386900 ,-13.425500 , 2G+3G+4G ,Access,Airtel, YES ,No,Yes,Rural
MW5597, SHAYONAFACTORY , 33.727890 ,-12.875790 , 2G+3G+4G ,Access,Airtel, YES ,No,Yes,Rural
MW5705, SIMULEMBA , 33.674700 ,-12.741167 , 2G+3G+4G ,Access,Airtel, YES ,Yes,No,Rural
MW5410, TANDANJEHILL , 33.805390 ,-13.442520 , 2G+3G+4G ,Access,Airtel, YES ,Yes,No,Rural
MW5701, THAVITE , 34.261790 ,-13.497744 , 2G+3G+4G ,Access,Airtel, YES ,No,Yes,Rural
MW0716, BOLERO , 33.741964 ,-10.983916 , 2G+3G+4G ,Access,TNM, YES ,No,Yes,Residential
MW5113, BULALA , 33.445704 ,-11.678086 , 2G+3G+4G ,Access,Airtel, YES ,Yes,Yes,Rural
MW5808, BUNDIRICE , 34.163399 ,-10.493375 , 2G+3G+4G ,Access,Airtel, YES ,Yes,Yes,Rural
MW5809, BWENGU , 33.908243 ,-11.044087 , 2G+3G+4G ,Access,MTL, YES ,No,Yes,Rural
MW0632, CHIBAVI , 33.999327 ,-11.439883 , 2G+3G+4G ,Access,Airtel, YES ,No,Yes,Urban
MW5830, CHIKWINA , 34.172600 ,-11.397795 , 2G+3G+4G ,Access,Airtel, YES ,No,Yes,Rural
MW5115, CHILINDA , 33.817454 ,-10.580606 , 2G+3G+4G ,Access,TNM, YES ,No,No,Forest
MW0616, CHILUMBA , 34.244191 ,-10.428016 , 2G+3G+4G ,Backbone,Airtel, YES ,No,Yes,Rural
MW0619, CHIMALIRO , 34.048630 ,-11.435650 , 2G+3G+4G ,Access,TNM, YES ,No,Yes,Urban
MW0603, CHINTHECHE , 34.167609 ,-11.825448 , 2G+3G+4G ,Access,MTL, YES ,No,Yes,Rural
MW0633, CHIPUTULA , 34.019555 ,-11.441218 , 2G+3G+4G ,Access,Airtel, YES ,No,Yes,Urban
MW5807, CHIRUMBAGARI , 34.203925 ,-10.374693 , 2G+3G+4G ,Access,Airtel, YES ,Yes,Yes,Rural
MW0628, CHISASU , 33.458850 ,-9.731232 , 2G+3G+4G ,Access,MTL, YES ,No,Yes,Rural
MW5647, CHISU , 34.272290 ,-11.550830 , 2G+3G+4G ,Access,TNM, YES ,Yes,No,Rural
MW5800, CHITIMBA , 34.209973 ,-10.535692 , 2G+3G+4G ,Access,TNM, YES ,No,Yes,Rural
MW0617, CHITIPA , 33.264520 ,-9.700667 , 2G+3G+4G ,Access,MTL, YES ,No,Yes,Residential
MW0620, CHIWETA , 34.191598 ,-10.669849 , 2G+3G+4G ,Access,Airtel, YES ,No,Yes,Rural
MW0626, CLUBMARINA , 33.932472 ,-9.935437 , 2G+3G+4G ,Access,Airtel, YES ,No,Yes,Residential
MW5589, DOMWERP , 33.737500 ,-10.415800 , 2G+3G+4G ,Access,TNM, YES ,No,No,Rural
MW0714, DUNDUZU , 33.958573 ,-11.396398 , 2G+3G+4G ,Backbone,Airtel, YES ,No,Yes,Urban
MW0611, EKWENDENI , 33.880598 ,-11.368914 , 2G+3G+4G ,Backbone,Airtel, YES ,No,Yes,Rural
MW5906, ELANGENI , 33.730490 ,-11.449840 , 2G+3G+4G ,Access,Airtel, YES ,Yes,Yes,Rural
MW0624, ENUKWENI , 33.897676 ,-11.217178 , 2G+3G+4G ,Backbone,Airtel, YES ,No,Yes,Rural
MW0635, EUTHINI , 33.418635 ,-11.452758 , 2G+3G+4G ,Access,Airtel, YES ,No,Yes,Rural
MW5908, HORA , 33.623910 ,-11.638100 , 2G+3G+4G ,Access,Airtel, YES ,Yes,No,Rural
MW5802, IPONGA , 33.826067 ,-9.674547 , 2G+3G+4G ,Access,Airtel, YES ,Yes,Yes,Rural
MW5909, KABWAFU , 33.522105 ,-11.311225 , 2G+3G+4G ,Access,Airtel, YES ,Yes,Yes,Rural
MW0625, KAFUKULE , 33.630166 ,-11.426861 , 2G+3G+4G ,Access,Airtel, YES ,No,Yes,Rural
MW5916, KAMWE , 33.791823 ,-11.097667 , 2G+3G+4G ,Access,Airtel, YES ,Yes,Yes,Rural
MW0622, KANDE , 34.178796 ,-11.921756 , 2G+3G+4G ,Backbone,Airtel, YES ,No,Yes,Rural
MW5805, KAPORO , 33.874700 ,-9.768540 , 2G+3G+4G ,Access,Airtel, YES ,No,Yes,Rural
MW0606, KARONGA , 33.896850 ,-9.949680 , 2G+3G+4G ,Backbone,Airtel, YES ,No,Yes,Residential
MW0722, KARONGATOWN , 33.925720 ,-9.937540 , 2G+3G+4G ,Access,TNM, YES ,No,Yes,Residential
MW5803, KASOWA , 33.869371 ,-9.874628 , 2G+3G+4G ,Access,Airtel, YES ,Yes,Yes,Rural
MW0610, KATOTO , 33.995567 ,-11.463223 , 2G+3G+4G ,Access,Airtel, YES ,No,Yes,Urban
MW0721, KAWALAZI , 34.062900 ,-11.680200 , 2G+3G+4G ,Access,Airtel, YES ,No,Yes,Rural
MW0695, KAYEREKELA , 33.689200 ,-9.995878 , 2G+3G+4G ,Access,Airtel, YES ,Yes,Yes,Rural
MW0697, LIKOMA , 34.721990 ,-12.074700 , 2G+3G+4G ,Access,Airtel, YES ,Yes,Yes,Rural
MW0615, LIVINGSTONIA , 34.102632 ,-10.611358 , 2G+3G+4G ,Backbone,Airtel, YES ,No,Yes,Residential
MW5804, LOLA , 33.953872 ,-10.017645 , 2G+3G+4G ,Access,Airtel, YES ,Yes,Yes,Rural
MW5910, LUNJIKA , 33.704060 ,-11.711350 , 2G+3G+4G ,Access,Airtel, YES ,Yes,No,Rural
MW5806, LUPEMBE , 33.974710 ,-10.088685 , 2G+3G+4G ,Backbone,Airtel, YES ,Yes,Yes,Rural
MW0629, LUSANGAZI , 33.967500 ,-11.489600 , 2G+3G+4G ,Access,TNM, YES ,No,Yes,Urban
MW5931, LUWAWA , 33.733613 ,-12.084700 , 2G+3G+4G ,Access,TNM, YES ,No,No,Rural
MW0605, LUWINGA , 34.005482 ,-11.414936 , 2G+3G+4G ,Access,Airtel, YES ,No,Yes,Urban
MW5907, MBALACHANDA , 33.370960 ,-11.356914 , 2G+3G+4G ,Access,Airtel, YES ,No,Yes,Rural
MW0627, MCHENGA , 34.140693 ,-10.714445 , 2G+3G+4G ,Access,Airtel, YES ,No,Yes,Rural
MW5812, MLOWERPT , 34.204720 ,-10.747730 , 2G+3G+4G ,Access,Airtel, YES ,Yes,No,Rural
MW5826, MPAMBA , 34.191441 ,-11.546458 , 2G+3G+4G ,Access,Airtel, YES ,No,Yes,Rural
MW0720, MPATA , 33.834390 ,-9.954470 , 2G+3G+4G ,Access,TNM, YES ,No,Yes,Rural
MW0715, MPHEREMBE , 33.652230 ,-11.354170 , 2G+3G+4G ,Access,TNM, YES ,No,Yes,Rural
MW0608, MTAKISI , 33.900028 ,-9.720583 , 2G+3G+4G ,Backbone,MTL, YES ,No,Yes,Rural
MW5904, MUYEWA , 34.245972 ,-11.718639 , 2G+3G+4G ,Backbone,Airtel, YES ,Yes,No,Rural
MW0713, MWEYEYE , 34.104703 ,-10.706732 , 2G+3G+4G ,Backbone,Airtel, YES ,No,Yes,Rural
MW0680, MZIMBA , 33.595879 ,-11.900100 , 2G+3G+4G ,Access,MTL, YES ,No,Yes,Residential
MW0728, MZIMBATOWN , 33.605900 ,-11.916060 , 2G+3G+4G ,Access,Airtel, YES ,Yes,Yes,Residential
MW5825, MZUNIVERSITY , 33.994656 ,-11.417639 , 2G+3G+4G ,Access,Airtel, YES ,Yes,Yes,Urban
MW0602, MZUZUCC , 34.019110 ,-11.462494 , 2G+3G+4G ,Access,Airtel, YES ,No,Yes,Urban
MW5905, MZUZUHOTEL , 34.021912 ,-11.465845 , 2G+3G+4G ,Access,ACL, YES ,No,Yes,Urban
MW0723, MZUZUMARKET , 34.017690 ,-11.459875 , 2G+3G+4G ,Access,Airtel, YES ,No,Yes,Urban
MW0718, NGARA , 34.100365 ,-10.222754 , 2G+3G+4G ,Access,TNM, YES ,No,Yes,Rural
MW0604, NKHATABAY , 34.293505 ,-11.606761 , 2G+3G+4G ,Access,MTL, YES ,No,Yes,Residential
MW5903, NKHORONGO , 33.989810 ,-11.391670 , 2G+3G+4G ,Access,TNM, YES ,No,Yes,Urban
MW0614, NTCHENACHENA , 34.027279 ,-10.777013 , 2G+3G+4G ,Backbone,Airtel, YES ,No,Yes,Rural
MW0609, NYUNGWE , 34.108710 ,-10.287465 , 2G+3G+4G ,Backbone,Airtel, YES ,No,Yes,Rural
MW0613, PHWEZI , 34.035640 ,-10.886720 , 2G+3G+4G ,Access,TNM, YES ,No,Yes,Rural
MW0631, RAIPLY , 33.757233 ,-11.926611 , 2G+3G+4G ,Access,Airtel, YES ,Yes,Yes,Residential
MW0612, RUMPHI , 33.837527 ,-11.014111 , 2G+3G+4G ,Access,Airtel, YES ,No,Yes,Residential
MW5902, SAINTJOHNS , 34.032784 ,-11.449787 , 2G+3G+4G ,Access,TNM, YES ,No,Yes,Urban
MW0630, SONDA , 33.977688 ,-11.448505 , 2G+3G+4G ,Access,TNM, YES ,No,Yes,Urban
MW0717, SONGWEBORDER , 33.776867 ,-9.594572 , 2G+3G+4G ,Backbone,TNM, YES ,No,Yes,Residential
MW0601, TELEHILL , 34.044005 ,-11.476530 , 2G+3G+4G ,Backbone,MTL, YES ,No,Yes,Urban
MW5801, THAZIMA , 33.582697 ,-10.839377 , 2G+3G+4G ,Access,TNM, YES ,No,No,Rural
MW0634, TUKOMBO , 34.049977 ,-12.101043 , 2G+3G+4G ,Backbone,Airtel, YES ,No,Yes,Rural
MW5914, TUNDUMA , 34.064190 ,-11.517590 , 2G+3G+4G ,Access,Airtel, YES ,Yes,No,Rural
MW5831, USISYA , 34.228660 ,-11.237903 , 2G+3G+4G ,Access,Airtel, YES ,No,Yes,Rural
MW0621, VIZARA , 34.251514 ,-11.650743 , 2G+3G+4G ,Access,Airtel, YES ,No,Yes,Rural
MW5918, YESAYANKOSI , 33.548030 ,-11.720630 , 2G+3G+4G ,Access,Airtel, YES ,Yes,Yes,Rural
MW0100, CHIKOKOBAY , 34.928288 ,-14.085790 , 2G+3G+4G ,Access,TNM, YES ,No,Yes,Rural
MW0201, ZOMBAPEAK , 35.273770 ,-15.349390 , 2G+3G+4G ,Backbone,MTL, YES ,No,Yes,Rural
MW0093, COMFORZI , 35.153650 ,-16.052430 , 2G+3G+4G ,Access,TNM, YES ,No,Yes,Rural
MW0101, MOUNTSOCHE , 35.005930 ,-15.784190 , 2G+3G+4G ,Access,Airtel, YES ,No,Yes,Dense Urban
MW0102, DELAMERE , 35.004096 ,-15.789511 , 2G+3G+4G ,Access,Airtel, YES ,No,Yes,Dense Urban
MW0103, LIKHUBULA , 35.010524 ,-15.753816 , 2G+3G+4G ,Access,Airtel, YES ,No,Yes,Dense Urban
MW0104, CHICHIRI , 35.020521 ,-15.800520 , 2G+3G+4G ,Access,Airtel, YES ,No,Yes,Dense Urban
MW0105, NAMIWAWA , 34.985916 ,-15.776259 , 2G+3G+4G ,Backbone,Airtel, YES ,No,Yes,Dense Urban
MW0106, CHILIMBAHILL , 35.016587 ,-15.726651 , 2G+3G+4G ,Backbone,Airtel, YES ,No,Yes,Dense Urban
MW0107, MULANJE , 35.515182 ,-16.024378 , 2G+3G+4G ,Backbone,Airtel, YES ,No,Yes,Residential
MW0109, LUCHENZA , 35.314366 ,-16.004560 , 2G+3G+4G ,Access,MTL, YES ,No,Yes,Residential
MW0111, MKANDO , 35.358578 ,-15.914693 , 2G+3G+4G ,Backbone,Airtel, YES ,No,Yes,Rural
MW0112, LIMBE , 35.067492 ,-15.810546 , 2G+3G+4G ,Access,Airtel, YES ,No,Yes,Dense Urban
MW0113, RAYNORHOUSE , 35.057519 ,-15.805104 , 2G+3G+4G ,Backbone,Airtel, YES ,No,Yes,Dense Urban
MW0114, STADIUM , 35.034253 ,-15.804264 , 2G+3G+4G ,Access,MTL, YES ,No,Yes,Dense Urban
MW0115, BCA Hill , 35.066700 ,-15.833600 , 2G+3G+4G ,Access,TNM, YES ,No,Yes,Dense Urban
MW0116, GOLIATI , 35.208124 ,-15.922805 , 2G+3G+4G ,Access,Airtel, YES ,No,Yes,Rural
MW0118, CHAPANANGA , 34.469611 ,-15.978461 , 2G+3G+4G ,Access,Airtel, YES ,No,Yes,rural
MW0120, CHINGALE , 35.227912 ,-15.382639 , 2G+3G+4G ,Access,Airtel, YES ,No,Yes,Rural
MW0121, SOCHEEAST , 35.016060 ,-15.819244 , 2G+3G+4G ,Access,MHC, YES ,No,Yes,Dense Urban
MW0122, MULANJEBOMA , 35.489583 ,-16.014780 , 2G+3G+4G ,Access,Airtel, YES ,No,Yes,Residential
MW0123, LIRANGWE , 35.025833 ,-15.521000 , 2G+3G+4G ,Backbone,Airtel, YES ,No,Yes,Residential
MW0124, LUNZU , 35.016024 ,-15.641221 , 2G+3G+4G ,Access,MTL, YES ,No,Yes,Dense Urban
MW0125, CHILEKA , 34.971923 ,-15.682456 , 2G+3G+4G ,Access,MTL, YES ,No,Yes,Residential
MW0126, INDEPENDENCEARC , 35.043830 ,-15.803580 , 2G+3G+4G ,Access,TNM, YES ,No,Yes,Dense Urban
MW0127, CHIRADZULU , 35.186249 ,-15.702127 , 2G+3G+4G ,Access,Airtel, YES ,No,Yes,Residential
MW0128, MACHINJIRI , 35.076568 ,-15.727821 , 2G+3G+4G ,Access,Airtel, YES ,Yes,Yes,Dense Urban
MW0129, MPINGWEHILL , 35.086506 ,-15.808710 , 2G+3G+4G ,Backbone,MTL, YES ,No,Yes,Urban
MW0130, BANGWEPOLICE , 35.114530 ,-15.838950 , 2G+3G+4G ,Access,TNM, YES ,No,Yes,Dense Urban
MW0131, NJULI , 35.112339 ,-15.709860 , 2G+3G+4G ,Backbone,TNM, YES ,No,Yes,rural
MW0132, CHIKULI , 34.879740 ,-15.665980 , 2G+3G+4G ,Access,TNM, YES ,No,Yes,rural
MW0133, BANGWEMARKET , 35.090350 ,-15.819900 , 2G+3G+4G ,Access,TNM, YES ,No,Yes,Dense Urban
MW0134, LUWANDA , 35.056716 ,-15.730732 , 2G+3G+4G ,Access,Airtel, YES ,No,Yes,Dense Urban
MW0135, CHIGUMULA , 35.065130 ,-15.889950 , 2G+3G+4G ,Backbone,Airtel, YES ,No,Yes,Dense Urban
MW0136, BVUMBWE , 35.087360 ,-15.925060 , 2G+3G+4G ,Access,TNM, YES ,No,Yes,Residential
MW0137, MAKATA , 35.035280 ,-15.787860 , 2G+3G+4G ,Access,TNM, YES ,No,Yes,Dense Urban
MW0138, NYAMBADWE , 35.026522 ,-15.773545 , 2G+3G+4G ,Access,Airtel, YES ,No,Yes,Dense Urban
MW0140, MDEKA , 34.943333 ,-15.462083 , 2G+3G+4G ,Access,Airtel, YES ,No,Yes,Residential
MW0142, SUNNYSIDE , 34.986289 ,-15.807634 , 2G+3G+4G ,Access,Airtel, YES ,No,Yes,Dense Urban
MW0143, MPEMBA , 34.967510 ,-15.878259 , 2G+3G+4G ,Access,Airtel, YES ,No,Yes,Dense Urban
MW0144, CHILOBWE , 35.006040 ,-15.833600 , 2G+3G+4G ,Access,TNM, YES ,No,Yes,Dense Urban
MW0147, PHWAZI , 34.539649 ,-16.044764 , 2G+3G+4G ,Access,Airtel, YES ,No,Yes,rural
MW0148, NYALACAMP , 34.857667 ,-16.191472 , 2G+3G+4G ,Access,Airtel, YES ,Yes,Yes,rural
MW0150, MWANZA , 34.494450 ,-15.581970 , 2G+3G+4G ,Access,Airtel, YES ,No,Yes,Residential
MW0151, MTENGO , 35.024098 ,-16.042277 , 2G+3G+4G ,Backbone,MTL, YES ,No,Yes,Rural
MW0152, NKULA , 34.826700 ,-15.526212 , 2G+3G+4G ,Access,Airtel, YES ,No,Yes,rural
MW0153, NGABU , 34.888524 ,-16.459224 , 2G+3G+4G ,Backbone,Airtel, YES ,No,Yes,Residential
MW0154, THYOLO , 35.132660 ,-16.066500 , 2G+3G+4G ,Backbone,Airtel, YES ,No,Yes,Residential
MW0155, MULOZA , 35.717140 ,-16.075060 , 2G+3G+4G ,Access,TNM, YES ,No,Yes,Residential
MW0156, NSANJE , 35.263529 ,-16.927632 , 2G+3G+4G ,Access,MTL, YES ,No,Yes,Residential
MW0157, MAKWASA , 35.102576 ,-16.176890 , 2G+3G+4G ,Access,MTL, YES ,No,Yes,Residential
MW0158, KAPICHIRA , 34.745848 ,-15.905308 , 2G+3G+4G ,Access,Airtel, YES ,No,Yes,rural
MW0159, BANGULA , 35.117143 ,-16.572160 , 2G+3G+4G ,Backbone,MTL, YES ,No,Yes,Residential
MW0160, CHIKWAWA , 34.800877 ,-16.040744 , 2G+3G+4G ,Access,Airtel, YES ,No,Yes,Residential
MW0161, NCHALOFACTORY , 34.911970 ,-16.264806 , 2G+3G+4G ,Backbone,Airtel, YES ,No,Yes,Residential
MW0166, MIMOSA , 35.578804 ,-16.064062 , 2G+3G+4G ,Backbone,Airtel, YES ,No,Yes,Residential
MW0181, MAGALASI , 35.027320 ,-15.755809 , 2G+3G+4G ,Access,Airtel, YES ,No,Yes,Dense Urban
MW0182, SIGEREGE , 34.971970 ,-15.779070 , 2G+3G+4G ,Access,Airtel, YES ,No,Yes,Dense Urban
MW0183, BTTCSOCHEHILL , 35.039830 ,-15.838600 , 2G+3G+4G ,Access,TNM, YES ,No,Yes,Dense Urban
MW0184, CHILOMONI , 34.978790 ,-15.763350 , 2G+3G+4G ,Access,TNM, YES ,No,Yes,Dense Urban
MW0185, NEWLANDS , 35.053493 ,-15.867096 , 2G+3G+4G ,Access,Airtel, YES ,No,Yes,Dense Urban
MW0186, CATHOLICINSTITUTE , 35.001339 ,-15.806611 , 2G+3G+4G ,Access,Airtel, YES ,No,Yes,Dense Urban
MW0187, NAMIYANGO , 35.088546 ,-15.841165 , 2G+3G+4G ,Access,Airtel, YES ,No,Yes,Dense Urban
MW0188, DEVELOPMENTHOUSE , 35.004950 ,-15.787090 , 2G+3G+4G ,Access,Airtel, YES ,No,Yes,Dense Urban
MW0190, CHINYONGA , 35.039070 ,-15.816640 , 2G+3G+4G ,Access,TNM, YES ,No,Yes,Dense Urban
MW0191, LIMBEMARKET , 35.056700 ,-15.813300 , 2G+3G+4G ,Access,TNM, YES ,No,Yes,Dense Urban
MW0192, MANJA , 35.033113 ,-15.831628 , 2G+3G+4G ,Access,TNM, YES ,No,Yes,Dense Urban
MW0194, POLYTECHNIC , 35.028943 ,-15.800393 , 2G+3G+4G ,Backbone,Airtel, YES ,No,Yes,Dense Urban
MW0200, CHIKWAWABOMA , 34.788889 ,-16.026056 , 2G+3G+4G ,Access,MTL, YES ,No,Yes,Residential
MW0202, ZOMBA , 35.324798 ,-15.375654 , 2G+3G+4G ,Access,MTL, YES ,No,Yes,Urban
MW0205, NCHALO , 34.872485 ,-16.265770 , 2G+3G+4G ,Access,MTL, YES ,No,Yes,Residential
MW0207, ZOMBADAM , 35.314273 ,-15.366185 , 2G+3G+4G ,Access,MTL, YES ,No,Yes,Rural
MW0212, ZOMBATOWN , 35.325696 ,-15.382590 , 2G+3G+4G ,Backbone,Airtel, YES ,No,Yes,Urban
MW0213, THONDWE , 35.222500 ,-15.494972 , 2G+3G+4G ,Backbone,Airtel, YES ,No,Yes,Residential
MW0214, NAMADZI , 35.178333 ,-15.562500 , 2G+3G+4G ,Access,Airtel, YES ,No,Yes,Residential
MW0221, CHINAMWALI , 35.363498 ,-15.378420 , 2G+3G+4G ,Access,Airtel, YES ,No,Yes,Urban
MW0222, OLDNAISI , 35.344916 ,-15.366638 , 2G+3G+4G ,Access,Airtel, YES ,No,Yes,Urban
MW0236, NKOLOKOTI , 35.079255 ,-15.758515 , 2G+3G+4G ,Access,Airtel, YES ,No,Yes,Dense Urban
MW0239, MOTELPARADISE , 34.992070 ,-15.760700 , 2G+3G+4G ,Access,TNM, YES ,No,Yes,Dense Urban
MW0240, NDIRANDE , 35.034330 ,-15.775300 , 2G+3G+4G ,Access,Airtel, YES ,No,Yes,Dense Urban
MW0260, THEKERANI , 35.200777 ,-16.301472 , 2G+3G+4G ,Backbone,Airtel, YES ,No,Yes,Rural
MW0261, CHISITU , 35.444720 ,-15.991300 , 2G+3G+4G ,Backbone,TNM, YES ,No,Yes,Rural
MW0266, TENGANI , 35.271638 ,-16.735027 , 2G+3G+4G ,Access,MTL, YES ,No,Yes,Rural
MW0271, LIMBEPOSTOFFICE , 35.061590 ,-15.814460 , 2G+3G+4G ,Access,Airtel, YES ,No,Yes,Dense Urban
MW0272, CLOCKTOWER , 35.014700 ,-15.787195 , 2G+3G+4G ,Access,Airtel, YES ,No,Yes,Dense Urban
MW0273, MANDALA , 35.010769 ,-15.793412 , 2G+3G+4G ,Access,Airtel, YES ,No,Yes,Dense Urban
MW0274, NGUMBE , 35.015180 ,-15.696280 , 2G+3G+4G ,Access,TNM, YES ,No,Yes,Dense Urban
MW0275, KIDNEYCRESCENT , 35.022621 ,-15.792799 , 2G+3G+4G ,Access,Airtel, YES ,No,Yes,Dense Urban
MW0279, MALAYSIA , 35.041345 ,-15.780644 , 2G+3G+4G ,Access,Airtel, YES ,No,Yes,Dense Urban
MW0280, NANJIRIRI , 35.078440 ,-15.741980 , 2G+3G+4G ,Access,Airtel, YES ,No,Yes,Dense Urban
MW0281, LIKHUBULANORTH , 35.006697 ,-15.736366 , 2G+3G+4G ,Access,Airtel, YES ,No,Yes,Dense Urban
MW0282, CHAPIMAHEIGHTS , 35.008180 ,-15.764597 , 2G+3G+4G ,Access,Airtel, YES ,No,Yes,Dense Urban
MW0283, SAFALAO , 35.044879 ,-15.775967 , 2G+3G+4G ,Access,Airtel, YES ,No,Yes,Dense Urban
MW0284, MALAYSIANORTH , 35.039455 ,-15.770290 , 2G+3G+4G ,Access,Airtel, YES ,Yes,Yes,Dense Urban
MW0285, Makhetha , 35.078881 ,-15.792421 , 2G+3G+4G ,Access,Airtel, YES ,No,Yes,Dense Urban
MW0286, NKOLOKOSI , 35.023520 ,-15.811480 , 2G+3G+4G ,Access,TNM, YES ,No,Yes,Dense Urban
MW0287, LIMBEAUCTION , 35.067526 ,-15.814218 , 2G+3G+4G ,Access,Airtel, YES ,No,Yes,Dense Urban
MW0289, LUNZUTOWN , 35.021320 ,-15.659200 , 2G+3G+4G ,Access,TNM, YES ,No,Yes,Dense Urban
MW0290, MCA , 35.024280 ,-15.801120 , 2G+3G+4G ,Access,TNM, YES ,No,Yes,Dense Urban
MW0291, CHEMUSA , 34.999190 ,-15.767090 , 2G+3G+4G ,Access,Airtel, YES ,No,Yes,Dense Urban
MW0292, BANGWE , 35.080310 ,-15.824890 , 2G+3G+4G ,Access,TNM, YES ,No,Yes,Dense Urban
MW0293, KABULA , 34.998720 ,-15.780920 , 2G+3G+4G ,Access,TNM, YES ,No,Yes,Dense Urban
MW0299, NYAMBADWERESIDENTIAL , 35.028399 ,-15.764883 , 2G+3G+4G ,Access,Airtel, YES ,No,Yes,Dense Urban
MW0526, ZALEWA , 34.905450 ,-15.458250 , 2G+3G+4G ,Access,TNM, YES ,No,Yes,Residential
MW0527, MILEPA , 35.317390 ,-15.686610 , 2G+3G+4G ,Access,TNM, YES ,No,Yes,Rural
MW0529, FATIMA , 35.171170 ,-16.414140 , 2G+3G+4G ,Access,TNM, YES ,No,Yes,Rural
MW0531, NENO , 34.664300 ,-15.337300 , 2G+3G+4G ,Access,Airtel, YES ,No,Yes,Residential
MW0532, CHADZUNDA , 34.954700 ,-15.906500 , 2G+3G+4G ,Access,TNM, YES ,No,Yes,Residential
MW0533, ZINGWANGWA , 35.010040 ,-15.820920 , 2G+3G+4G ,Access,ACL, YES ,No,Yes,Dense Urban
MW0534, MWANDAMA , 35.185310 ,-15.495330 , 2G+3G+4G ,Access,Airtel, YES ,Yes,No,Rural
MW0536, NEWLANDSRESIDENTIAL , 35.065033 ,-15.852345 , 2G+3G+4G ,Access,Airtel, YES ,No,Yes,Dense Urban
MW0537, NANCHOLI , 34.990520 ,-15.820080 , 2G+3G+4G ,Access,TNM, YES ,No,Yes,Dense Urban
MW0538, CHILOMONICATHOLIC , 34.981690 ,-15.773500 , 2G+3G+4G ,Access,TNM, YES ,No,Yes,Dense Urban
MW0539, ZOMBAMARKET , 35.319450 ,-15.387400 , 2G+3G+4G ,Backbone,Airtel, YES ,No,Yes,Urban
MW0540, SADZI , 35.319200 ,-15.414800 , 2G+3G+4G ,Backbone,Airtel, YES ,No,Yes,Urban
MW0541, CHILIMBAINDUSTRIAL , 35.026080 ,-15.732590 , 2G+3G+4G ,Access,Airtel, YES ,No,Yes,Dense Urban
MW0542, ZOMBAPOLICE , 35.324260 ,-15.390810 , 2G+3G+4G ,Access,Airtel, YES ,No,Yes,Urban
MW0543, NGULUDI , 35.177852 ,-15.816512 , 2G+3G+4G ,Backbone,Airtel, YES ,No,Yes,Residential
MW0544, CHAPIMAEAST , 35.001830 ,-15.772630 , 2G+3G+4G ,Access,Airtel, YES ,No,Yes,Dense Urban
MW0545, NEWNAPERI , 35.017510 ,-15.808930 , 2G+3G+4G ,Access,MHC, YES ,No,Yes,Dense Urban
MW0548, SANJIKA , 34.977830 ,-15.788800 , 2G+3G+4G ,Access,Airtel, YES ,No,Yes,Dense Urban
MW0549, MWANZARESIDENTIAL , 34.518238 ,-15.597344 , 2G+3G+4G ,Access,Airtel, YES ,No,Yes,Residential
MW0555, LIKUNGWATI , 35.331520 ,-15.403800 , 2G+3G+4G ,Access,TNM, YES ,No,Yes,Urban
MW0556, PREMIERLODGE , 34.998985 ,-15.698110 , 2G+3G+4G ,Access,ACL, YES ,No,Yes,Dense Urban
MW0557, ACCORDCNTR , 35.058700 ,-15.808040 , 2G+3G+4G ,Access,ACL, YES ,No,Yes,Dense Urban
MW0558, LUCHENZAMARKET , 35.300371 ,-16.011955 , 2G+3G+4G ,Access,Airtel, YES ,No,Yes,Residential
MW0559, KANJEDZA , 35.050862 ,-15.814062 , 2G+3G+4G ,Access,Airtel, YES ,No,Yes,Dense Urban
MW0560, CHIWEMBA , 35.055723 ,-15.835345 , 2G+3G+4G ,Access,Airtel, YES ,Yes,Yes,Dense Urban
MW5000, MALAJIRA , 35.270543 ,-15.461475 , 2G+3G+4G ,Backbone,Airtel, YES ,Yes,No,Rural
MW5001, BHDSANJIKA , 34.949960 ,-15.808570 , 2G+3G+4G ,Access,TNM, YES ,Yes,Yes,Rural
MW5002, GREENPAPER , 34.979220 ,-15.846930 , 2G+3G+4G ,Access,Airtel, YES ,No,Yes,Dense Urban
MW5005, MADZI-ABANGO , 34.941940 ,-15.933610 , 2G+3G+4G ,Access,TNM, YES ,No,Yes,Rural
MW5007, MIMIOSACOW , 35.622100 ,-16.092000 , 2G+3G+4G ,Access,TNM, YES ,No,Yes,Residential
MW5008, LIKHUBULAEAST , 35.019900 ,-15.747200 , 2G+3G+4G ,Access,TNM, YES ,No,Yes,Dense Urban
MW5009, MATAWALE , 35.358200 ,-15.387850 , 2G+3G+4G ,Access,Airtel, YES ,No,Yes,Urban
MW5010, PHOKERA , 35.142000 ,-16.614040 , 2G+3G+4G ,Access,Airtel, YES ,Yes,Yes,Rural
MW5011, LIKHUBULA WEST , 34.993900 ,-15.745900 , 2G+3G+4G ,Access,Airtel, YES ,No,Yes,Dense Urban
MW5012, JOMBO , 34.851557 ,-16.350521 , 2G+3G+4G ,Access,Airtel, YES ,Yes,Yes,rural
MW5013, KACHULU , 35.584658 ,-15.372718 , 2G+3G+4G ,Access,TNM, YES ,No,Yes,Rural
MW5015, SANDAMA , 35.294580 ,-16.207950 , 2G+3G+4G ,Access,Airtel, YES ,Yes,No,Rural
MW5016, MOLERE , 35.144600 ,-16.254460 , 2G+3G+4G ,Access,Airtel, YES ,Yes,Yes,Rural
MW5017, THAMBANI , 34.433861 ,-15.664389 , 2G+3G+4G ,Access,Airtel, YES ,Yes,No,Rural
MW5018, MARAKA , 35.228584 ,-17.120871 , 2G+3G+4G ,Access,Airtel, YES ,Yes,Yes,Rural
MW5019, MAPANGA , 35.128230 ,-15.742540 , 2G+3G+4G ,Access,Airtel, YES ,No,Yes,Rural
MW5023, CHIRUNGA , 35.334230 ,-15.393571 , 2G+3G+4G ,Access,Airtel, YES ,Yes,Yes,Urban
MW5025, LIJERI , 35.653500 ,-16.022900 , 2G+3G+4G ,Access,Airtel, YES ,No,Yes,Residential
MW5026, NYAMULA , 35.287763 ,-16.838356 , 2G+3G+4G ,Access,Airtel, YES ,Yes,Yes,Rural
MW5027, NKHULAMBE , 35.770666 ,-15.888778 , 2G+3G+4G ,Access,Airtel, YES ,Yes,No,Rural
MW5028, NYUNGWI , 35.168806 ,-15.622882 , 2G+3G+4G ,Access,Airtel, YES ,No,Yes,Rural
MW5029, THUMBWE , 35.248583 ,-15.767750 , 2G+3G+4G ,Access,Airtel, YES ,No,Yes,Rural
MW5030, THUNGA , 35.098480 ,-16.027998 , 2G+3G+4G ,Access,Airtel, YES ,Yes,Yes,Residential
MW5031, NAMITAMBO , 35.268611 ,-15.842583 , 2G+3G+4G ,Access,Airtel, YES ,Yes,Yes,Rural
MW6019, NKHATHE , 34.958590 ,-16.144000 , 2G+3G+4G ,Access,Airtel, YES ,No,Yes,rural
MW6025, ZULEKHA , 35.060360 ,-15.820970 , 2G+3G+4G ,Access,Airtel, YES ,No,Yes,Dense Urban
MW6111, NENO_BOMA , 34.654400 ,-15.407500 , 2G+3G+4G ,Access,TNM, YES ,No,Yes,Residential
MW6115, MULOMBA , 35.516460 ,-15.764410 , 2G+3G+4G ,Access,Airtel, YES ,No,Yes,Rural
MW6200, NYAMBADWE_AV , 35.019520 ,-15.772250 , 2G+3G+4G ,Access,TNM, YES ,No,Yes,Dense Urban
MW6211, MAYAKA , 35.370720 ,-15.577840 , 2G+3G+4G ,Access,Airtel, YES ,No,Yes,Rural
MW6212, MASENJERE , 35.096300 ,-16.337470 , 2G+3G+4G ,Access,Airtel, YES ,No,Yes,Rural
MW6215, NKUMANIZA , 34.723530 ,-16.482580 , 2G+3G+4G ,Access,Airtel, YES ,No,Yes,rural
MW6316, DZAONE , 35.294970 ,-15.535800 , 2G+3G+4G ,Access,TNM, YES ,No,Yes,Rural
MW6319, CHINAKANAKA , 35.400320 ,-15.982600 , 2G+3G+4G ,Access,Airtel, YES ,No,Yes,Residential
MW6322, HHI_WENELA , 35.021570 ,-15.782850 , 2G+3G+4G ,Access,TNM, YES ,No,Yes,Dense Urban
MW6324, GLOBE_APARTMENTS , 34.994040 ,-15.778360 , 2G+3G+4G ,Access,Airtel, YES ,No,Yes,Dense Urban
MW6325, MTPLEASANT , 35.009700 ,-15.801200 , 2G+3G+4G ,Access,TNM, YES ,No,Yes,Dense Urban
MW6368, NASAWA_TECH , 35.261670 ,-15.604720 , 2G+3G+4G ,Access,TNM, YES ,No,Yes,Rural
MW6369, MATINDI , 35.017980 ,-15.589930 , 2G+3G+4G ,Access,TNM, YES ,No,Yes,Rural
MW5004, SORGINI , 35.015920 ,-16.540470 , 2G+3G+4G ,Access,TNM, YES ,No,Yes,Rural
MW6047, AIRTELNEWOFF , 33.786800 ,-13.965300 , 2G+3G+4G ,Access,Airtel, YES ,No,Yes,Dense Urban
MW6218, AREA14RED , 33.781626 ,-13.956167 , 2G+3G+4G ,Access,Airtel, YES ,No,Yes,Dense Urban
MW6230, AREA47MOSQUE , 33.746426 ,-13.960752 , 2G+3G+4G ,Access,Airtel, YES ,No,Yes,Dense Urban
MW6217, CHITUKUKO , 33.766025 ,-13.962561 , 2G+3G+4G ,Access,Airtel, YES ,No,No,Dense Urban
MW6232, DZENZAEXT , 33.761254 ,-13.856356 , 2G+3G+4G ,Access,Airtel, YES ,No,Yes,Dense Urban
MW6065, KAMMWAMBA , 34.886920 ,-15.364780 , 2G+3G+4G ,Access,Airtel, YES ,No,Yes,Rural
MW0535, MWANDAMA1 , 35.135940 ,-15.524680 , 2G+3G+4G ,Access,Airtel, YES ,Yes,No,Rural
MW0623, WILIRO , 33.616204 ,-9.896198 , 2G+3G+4G ,Access,Airtel, YES ,No,Yes,Rural
MW0220, AREA30POL , 33.789500 ,-13.928000 , 2G+3G+4G ,Access,TNM, YES ,No,Yes,Dense Urban
MW1053, NDATAFARM , 35.224860 ,-15.926280 , 2G+3G+4G ,Access,Airtel, YES ,No,Yes,Rural
MW1077, JALITC , 35.469128 ,-15.494475 , 2G+3G+4G ,Access,TNM, YES ,No,Yes,Residential
MW1085, KARONGAMTL , 33.917262 ,-9.955380 , 2G+3G+4G ,Access,MTL, YES ,No,Yes,Residential
MW1092, CHIRADZULUHOS , 35.174440 ,-15.715930 , 2G+3G+4G ,Access,TNM, YES ,No,Yes,Residential
MW1110, CAPITAL HOTEL(LAMPSITE) , 33.796620 ,-13.955450 , 2G+3G+4G ,Access,Airtel, YES ,No,Yes,Dense Urban
MW1136, RUMPHITNM , 33.856014 ,-11.021450 , 2G+3G+4G ,Access,TNM, YES ,No,Yes,Residential
MW0298, CITYMALL , 33.755942 ,-13.972433 , 2G+3G+4G ,Access,Airtel, YES ,No,Yes,Dense Urban
MW0244, SUNNYSIDETNM , 34.998500 ,-15.799780 , 2G+3G+4G ,Access,TNM, YES ,No,Yes,Dense Urban
MW0229, AREA43AFHOUSE , 33.803281 ,-13.929090 , 2G+3G+4G ,Access,TNM, YES ,No,Yes,Dense Urban
MW1153, MUST , 35.216900 ,-15.901700 , 2G+3G+4G ,Access,Airtel, YES ,No,Yes,Residential
MW0235, BISHOPMACKENZ , 33.762617 ,-14.007548 , 2G+3G+4G ,Access,TWR, YES ,No,Yes,Dense Urban
MW1159, Area-12-PTC , 33.809184 ,-13.954806 , 2G+3G+4G ,Access,TNM, YES ,No,Yes,Dense Urban
MW0227, AREA36MARKET , 33.777820 ,-14.021090 , 2G+3G+4G ,Access,TNM, YES ,No,Yes,Dense Urban
MW0241, KAPHIRI , 33.791360 ,-14.038460 , 2G+3G+4G ,Access,TNM, YES ,No,Yes,Dense Urban
MW0231, AREA48 , 33.763525 ,-13.940894 , 2G+3G+4G ,Access,TNM, YES ,No,Yes,Dense Urban
MW0232, AREA9TWO , 33.748430 ,-13.982560 , 2G+3G+4G ,Access,TNM, YES ,No,Yes,Dense Urban
MW1165, ARET , 33.729140 ,-13.973430 , 2G+3G+4G ,Access,TNM, YES ,No,Yes,Dense Urban
MW0237, BUSDEPPRISON , 33.776740 ,-13.992350 , 2G+3G+4G ,Access,TNM, YES ,No,Yes,Dense Urban
MW1189, MTSILIZA , 33.735680 ,-13.952170 , 2G+3G+4G ,Access,TNM, YES ,No,Yes,Dense Urban
MW0243, NEWSTADIUM , 33.753152 ,-13.940398 , 2G+3G+4G ,Access,TNM, YES ,No,Yes,Dense Urban
MW1197, NGWENYAPRIMARY , 33.803050 ,-14.023320 , 2G+3G+4G ,Access,TNM, YES ,No,Yes,Dense Urban
MW0246, SENTI , 33.768680 ,-13.931160 , 2G+3G+4G ,Access,TNM, YES ,No,Yes,Dense Urban
MW1202, SKYBAND , 33.772202 ,-13.973404 , 2G+3G+4G ,Access,Skyband, YES ,No,Yes,Dense Urban
MW1206, ILLOVOFACTORY , 34.894180 ,-16.254410 , 2G+3G+4G ,Access,TNM, YES ,No,Yes,Residential
MW1207, ILLOVORESIDENTIAL , 34.916702 ,-16.274397 , 2G+3G+4G ,Access,TNM, YES ,No,Yes,Residential
MW0234, BICC , 33.791342 ,-13.955047 , 2G+3G+4G ,Access,Airtel, YES ,No,Yes,Dense Urban
MW0226, AREA25ASSEMB , 33.771490 ,-13.882620 , 2G+3G+4G ,Access,TNM, YES ,No,Yes,Dense Urban
MW0238, CHILOMONIPOL , 34.988300 ,-15.768840 , 2G+3G+4G ,Access,TNM, YES ,No,Yes,Dense Urban
MW1305, AREA12ZIKOMO , 33.821239 ,-13.948781 , 2G+3G+4G ,Access,TNM, YES ,No,Yes,Dense Urban
MW0224, AREA11NEW , 33.802359 ,-13.950143 , 2G+3G+4G ,Access,TNM, YES ,No,Yes,Dense Urban
MW1307, AREA3POLICE , 33.768340 ,-13.988719 , 2G+3G+4G ,Access,TNM, YES ,No,Yes,Dense Urban
MW0252, AREA47GLOBEG2 , 33.761721 ,-13.947238 , 2G+3G+4G ,Access,Globe, YES ,No,Yes,Dense Urban
MW0250, AREA23MIDLAND , 33.816600 ,-14.007720 , 2G+3G+4G ,Access,TNM, YES ,No,Yes,Dense Urban
MW1401, CHINSAPO2 , 33.723310 ,-14.022430 , 2G+3G+4G ,Access,TNM, YES ,No,Yes,Dense Urban
MW1404, AREA21CHILINDE , 33.818047 ,-13.995283 , 2G+3G+4G ,Access,TNM, YES ,No,Yes,Dense Urban
MW1407, CHIWANJA , 34.007604 ,-11.437273 , 2G+3G+4G ,Access,TNM, YES ,No,Yes,Urban
MW0277, MZUZUEXCHANGE , 34.027556 ,-11.463694 , 2G+3G+4G ,Access,MTL, YES ,No,Yes,Urban
MW0278, GAMECOMPLEX , 33.768747 ,-13.986812 , 2G+3G+4G ,Access,Airtel, YES ,No,Yes,Dense Urban
MW0295, CROWNHOTEL , 33.764424 ,-13.983448 , 2G+3G+4G ,Access,Airtel, YES ,No,Yes,Dense Urban
MW1503, MACRA , 35.020280 ,-15.796220 , 2G+3G+4G ,Access,TNM, YES ,No,Yes,Dense Urban
MW0276, CHIMALIROTNM , 35.070970 ,-15.853470 , 2G+3G+4G ,Access,TNM, YES ,No,Yes,Dense Urban
MW1505, FARGO , 34.982580 ,-15.779220 , 2G+3G+4G ,Access,TNM, YES ,No,Yes,Dense Urban
MW1506, MANJAPRIMARY , 35.025062 ,-15.820550 , 2G+3G+4G ,Access,TNM, YES ,No,Yes,Dense Urban
MW0255, NAPERIMOSQUE , 35.012000 ,-15.809300 , 2G+3G+4G ,Access,TNM, YES ,No,Yes,Dense Urban
MW1508, NAISI , 35.377180 ,-15.364080 , 2G+3G+4G ,Access,TNM, YES ,No,Yes,Urban
MW1509, SADZIMARKET , 35.305900 ,-15.413900 , 2G+3G+4G ,Access,TNM, YES ,No,Yes,Urban
MW1511, AREA2KASSIM , 33.785490 ,-13.986937 , 2G+3G+4G ,Access,Airtel, YES ,No,Yes,Dense Urban
MW1513, KARONGAOLDTOWN , 33.940074 ,-9.932402 , 2G+3G+4G ,Access,TNM, YES ,No,Yes,Residential
MW0429, KATOTOPRIMARY , 34.009344 ,-11.460373 , 2G+3G+4G ,Access,TNM, YES ,No,Yes,Urban
MW1515, MZUZUBOTANIC , 34.019530 ,-11.428309 , 2G+3G+4G ,Access,TNM, YES ,No,Yes,Urban
MW1516, MZUZUSTADIUM , 34.022110 ,-11.448550 , 2G+3G+4G ,Access,TNM, YES ,No,Yes,Urban
MW1517, SALIMASILVERSAND , 34.588280 ,-13.816550 , 2G+3G+4G ,Access,TNM, YES ,No,Yes,Rural
MW1602, GESTETNER , 35.016024 ,-15.792678 , 2G+3G+4G ,Access,ACL, YES ,No,Yes,Dense Urban
MW1603, RAILWAYS , 35.067140 ,-15.819290 , 2G+3G+4G ,Access,ACL, YES ,No,Yes,Dense Urban
MW1604, Ku-chawe-inn , 35.304488 ,-15.364529 , 2G+3G+4G ,Access,Airtel, YES ,No,Yes,Residential
MW1465, THYOLOESCOM , 35.149118 ,-16.070263 , 2G+3G+4G ,Access,ESCOM, YES ,No,Yes,Residential
MW6180, BTADVENTIST , 35.003580 ,-15.781690 , 2G+3G+4G ,Access,TNM, YES ,No,Yes,Dense Urban
MW1611, KAMUZUAIRPORT2 , 33.779801 ,-13.780207 , 2G+3G+4G ,Access,Airtel, YES ,No,Yes,Dense Urban
MW1702, NJEWAPRIMARY , 33.697900 ,-13.978500 , 2G+3G+4G ,Access,TNM, YES ,No,Yes,Dense Urban
MW1213, MULUNGUZI , 35.335380 ,-15.372410 , 2G+3G+4G ,Access,TNM, YES ,No,Yes,Urban
MW6043, NKHAKO , 33.567968 ,-13.087747 , 2G+3G+4G ,Access,MTL, YES ,No,Yes,Rural
MW6000, ALUMENDA , 34.893959 ,-16.391426 , 2G+3G+4G ,Access,Illovo, YES ,No,Yes,rural
MW6001, BEREUTNM , 34.850950 ,-16.150320 , 2G+3G+4G ,Access,TNM, YES ,No,No,Residential
MW6002, ALIMAUNDE , 33.800947 ,-13.892975 , 2G+3G+4G ,Access,Airtel, YES ,No,Yes,Dense Urban
MW6003, CHAWANTHA , 33.370770 ,-14.113440 , 2G+3G+4G ,Access,Airtel, YES ,No,No,Rural
MW6004, CHILANGA , 33.474842 ,-13.128971 , 2G+3G+4G ,Access,Airtel, YES ,No,No,Rural
MW6005, CHINTHEMBWE , 33.969860 ,-13.433510 , 2G+3G+4G ,Access,Airtel, YES ,No,No,Rural
MW6006, CHIOKO , 33.577990 ,-13.773650 , 2G+3G+4G ,Access,Airtel, YES ,No,No,Rural
MW6007, CHIPUMI , 33.078630 ,-13.627460 , 2G+3G+4G ,Access,Airtel, YES ,No,No,Rural
MW6008, CHIRADZULUTTC , 35.267770 ,-15.930181 , 2G+3G+4G ,Access,Airtel, YES ,No,No,Rural
MW6009, CHISEKA , 33.759313 ,-14.119675 , 2G+3G+4G ,Access,Airtel, YES ,No,No,Rural
MW6010, CHIWAMBA , 33.922860 ,-13.855020 , 2G+3G+4G ,Access,TNM, YES ,No,Yes,Rural
MW6011, IDRUSSI , 35.418378 ,-14.356200 , 2G+3G+4G ,Access,Airtel, YES ,No,No,Rural
MW6012, JANUARY , 35.175121 ,-15.986889 , 2G+3G+4G ,Access,Airtel, YES ,No,No,Rural
MW6013, KACHENGA , 34.997919 ,-14.784950 , 2G+3G+4G ,Access,Airtel, YES ,No,No,Rural
MW6014, KAMBANIZITHE , 33.709453 ,-14.357174 , 2G+3G+4G ,Access,Airtel, YES ,No,No,Rural
MW6016, KANYAMA , 34.322458 ,-14.238634 , 2G+3G+4G ,Access,Airtel, YES ,No,No,Rural
MW6017, KAPELULA , 33.850188 ,-12.896153 , 2G+3G+4G ,Access,Airtel, YES ,No,No,Rural
MW6018, KATEMA , 35.078110 ,-14.565000 , 2G+3G+4G ,Access,MTL, YES ,No,No,Rural
MW6020, KAZUNI , 33.663890 ,-11.158560 , 2G+3G+4G ,Access,TNM, YES ,No,No,Rural
MW6021, KUNENEKUDE , 34.489470 ,-15.455780 , 2G+3G+4G ,Access,TNM, YES ,No,No,Rural
MW6022, LWANJATI , 33.696860 ,-12.370710 , 2G+3G+4G ,Access,MTL, YES ,No,No,Rural
MW6023, MAGOMERO , 33.894251 ,-14.369000 , 2G+3G+4G ,Access,Airtel, YES ,No,No,Rural
MW6024, MAJIGA , 33.375313 ,-13.856740 , 2G+3G+4G ,Access,Airtel, YES ,No,No,Rural
MW6026, MANGOCHIAIRPORT , 35.266920 ,-14.492500 , 2G+3G+4G ,Access,TNM, YES ,No,Yes,Residential
MW6027, MANGOCHINORTH , 35.256410 ,-14.473110 , 2G+3G+4G ,Access,TNM, YES ,No,Yes,Residential
MW6028, MANGOCHIACL , 35.250610 ,-14.483610 , 2G+3G+4G ,Access,ACL, YES ,No,Yes,Residential
MW6029, MANGUNDA , 35.258870 ,-16.028440 , 2G+3G+4G ,Access,TNM, YES ,No,No,Rural
MW6030, MANTHAMBI , 35.543194 ,-16.111849 , 2G+3G+4G ,Access,Airtel, YES ,No,No,Rural
MW6031, MBENJE , 35.216557 ,-16.994429 , 2G+3G+4G ,Access,Airtel, YES ,No,No,Rural
MW6032, MISEUFOLO , 35.520732 ,-15.658732 , 2G+3G+4G ,Access,TNM, YES ,No,Yes,Rural
MW6033, Misuku [TNM] , 33.511130 ,-9.703878 , 2G+3G+4G ,Access,TNM, YES ,No,Yes,Rural
MW6034, MNGWANGWA , 33.685880 ,-13.845713 , 2G+3G+4G ,Access,Airtel, YES ,No,No,Rural
MW6035, MPITA , 35.470227 ,-15.188596 , 2G+3G+4G ,Access,TNM, YES ,No,No,Rural
MW6036, MSENJERE , 34.170400 ,-12.730050 , 2G+3G+4G ,Access,TNM, YES ,No,Yes,Rural
MW6037, MTAMBANYAMA , 35.068890 ,-16.094760 , 2G+3G+4G ,Access,Airtel, YES ,No,No,Rural
MW6038, MULIBWANJI , 35.578957 ,-14.546006 , 2G+3G+4G ,Access,Airtel, YES ,No,No,Rural
MW6039, MWAZISI , 33.574940 ,-10.933207 , 2G+3G+4G ,Access,Airtel, YES ,No,No,Rural
MW6040, NDAULA , 33.503155 ,-14.135453 , 2G+3G+4G ,Access,Airtel, YES ,No,No,Residential
MW6041, NENOTURNOFF , 34.648610 ,-15.608140 , 2G+3G+4G ,Access,TNM, YES ,No,No,Rural
MW6042, NGOLOMI , 34.415155 ,-13.822990 , 2G+3G+4G ,Access,Airtel, YES ,No,No,Rural
MW6044, LLSTANDBANK , 33.791242 ,-13.963544 , 2G+3G+4G ,Access,STD Bank, YES ,No,Yes,Dense Urban
MW6045, NTHONDOLL , 33.352352 ,-13.687697 , 2G+3G+4G ,Access,Airtel, YES ,No,No,Rural
MW6046, PASANI , 35.464210 ,-15.925350 , 2G+3G+4G ,Access,TNM, YES ,No,Yes,Rural
MW6048, REGCHINYAMA , 35.342080 ,-16.156317 , 2G+3G+4G ,Access,Airtel, YES ,No,No,Rural
MW6049, REGKAMEME , 33.133920 ,-9.551352 , 2G+3G+4G ,Access,Airtel, YES ,No,No,Rural
MW6050, REGKAWALIZA , 34.369550 ,-15.747300 , 2G+3G+4G ,Access,TNM, YES ,No,No,Rural
MW6051, REGLIGOWE , 34.656350 ,-15.476181 , 2G+3G+4G ,Access,Airtel, YES ,No,No,Rural
MW6052, REGMPHONDE , 34.915150 ,-16.552200 , 2G+3G+4G ,Access,Airtel, YES ,No,No,rural
MW6053, REGMPINDA , 35.562200 ,-15.533200 , 2G+3G+4G ,Access,Airtel, YES ,No,No,Rural
MW6054, REGMWENEWENYA , 33.557677 ,-10.151052 , 2G+3G+4G ,Access,Airtel, YES ,No,No,Rural
MW6055, REGNAMANJA , 35.678163 ,-14.966097 , 2G+3G+4G ,Access,TNM, YES ,No,No,Rural
MW6056, REGNAMBAZU , 35.805684 ,-15.555169 , 2G+3G+4G ,Access,Airtel, YES ,No,No,Rural
MW6057, REGRUARWE , 34.235440 ,-11.114250 , 2G+3G+4G ,Access,Airtel, YES ,No,No,Rural
MW6058, REGSITOLO , 35.463800 ,-16.024900 , 2G+3G+4G ,Access,TNM, YES ,No,No,Residential
MW6059, REGTHABONI , 35.194400 ,-16.365940 , 2G+3G+4G ,Access,Airtel, YES ,No,No,Rural
MW6060, UMBWA , 35.539360 ,-14.779320 , 2G+3G+4G ,Access,Airtel, YES ,No,No,Rural
MW6061, LUWEREZI , 33.645528 ,-12.484165 , 2G+3G+4G ,Access,Airtel, YES ,No,No,Rural
MW6062, NALIKATA , 35.439615 ,-15.865700 , 2G+3G+4G ,Access,Airtel, YES ,No,No,Rural
MW6063, MIKONGONI , 35.619307 ,-15.594229 , 2G+3G+4G ,Access,Airtel, YES ,No,No,Rural
MW6064, KATAPIRA , 35.093699 ,-14.965250 , 2G+3G+4G ,Access,Airtel, YES ,No,No,Rural
MW6066, KANJUCHI , 33.764688 ,-12.635528 , 2G+3G+4G ,Access,Airtel, YES ,No,No,Rural
MW6067, GOVALA , 35.434210 ,-15.393940 , 2G+3G+4G ,Access,Airtel, YES ,No,No,Rural
MW6068, MALAMBO , 33.760182 ,-13.215670 , 2G+3G+4G ,Access,Airtel, YES ,No,No,Rural
MW6069, MAKHANGA , 35.165190 ,-16.504740 , 2G+3G+4G ,Access,Airtel, YES ,No,No,Rural
MW6070, CHAKHANZA , 33.645571 ,-13.445073 , 2G+3G+4G ,Access,Airtel, YES ,No,No,Rural
MW6071, NDELEMA , 34.873242 ,-16.052966 , 2G+3G+4G ,Access,Airtel, YES ,No,No,rural
MW6072, FOLOPENSI , 34.965621 ,-16.052966 , 2G+3G+4G ,Access,Airtel, YES ,No,No,Rural
MW6073, CHITOWOHC , 34.041820 ,-14.254310 , 2G+3G+4G ,Access,Airtel, YES ,No,No,Rural
MW6074, KONZERE , 34.953395 ,-16.510346 , 2G+3G+4G ,Access,Airtel, YES ,No,No,rural
MW6075, CHISOSO , 33.679631 ,-13.368192 , 2G+3G+4G ,Access,Airtel, YES ,No,No,Rural
MW6076, NJUNIHILL , 33.293014 ,-9.589892 , 2G+3G+4G ,Access,Airtel, YES ,No,No,Rural
MW6085, BALAKAMACRA , 34.937398 ,-14.983131 , 2G+3G+4G ,Access,TNM, YES ,No,Yes,Residential
MW6086, BALAKAMAJIGA , 34.969193 ,-14.985907 , 2G+3G+4G ,Access,TNM, YES ,No,No,Residential
MW6163, STPATRICKS , 35.102130 ,-15.808080 , 2G+3G+4G ,Access,Airtel, YES ,No,No,Dense Urban
MW6096, CHATHA , 35.006700 ,-15.714100 , 2G+3G+4G ,Access,TNM, YES ,No,No,Dense Urban
MW6121, HILLTOP , 34.010340 ,-11.476030 , 2G+3G+4G ,Access,TNM, YES ,No,No,Urban
MW6189, KADZIMETE , 34.469930 ,-15.790600 , 2G+3G+4G ,Access,TNM, YES ,No,No,rural
MW6186, KANJEDZA2 , 35.047332 ,-15.813428 , 2G+3G+4G ,Access,TNM, YES ,No,No,Dense Urban
MW6129, KOBBE , 35.309700 ,-15.397530 , 2G+3G+4G ,Access,TNM, YES ,No,No,Urban
MW6192, LENGWE , 34.782620 ,-16.207470 , 2G+3G+4G ,Access,TNM, YES ,No,No,rural
MW6193, LINYANGWA , 33.301687 ,-13.136614 , 2G+3G+4G ,Access,TNM, YES ,No,No,Rural
MW6134, LIWONDEPROPER , 35.212132 ,-15.055713 , 2G+3G+4G ,Access,TNM, YES ,No,No,Residential
MW6135, LIWONDERES , 35.244240 ,-15.076100 , 2G+3G+4G ,Access,TNM, YES ,No,No,Residential
MW6152, MASELEMA , 35.051700 ,-15.802110 , 2G+3G+4G ,Access,TNM, YES ,No,No,Dense Urban
MW6122, MATETE , 34.079787 ,-11.962506 , 2G+3G+4G ,Access,TNM, YES ,No,No,Rural
MW6148, MGONA , 33.770299 ,-13.904395 , 2G+3G+4G ,Access,TNM, YES ,No,No,Dense Urban
MW6149, MPINGWERES , 35.072317 ,-15.803702 , 2G+3G+4G ,Access,TNM, YES ,No,No,Dense Urban
MW6082, NEWSHIRE2 , 33.734290 ,-13.922930 , 2G+3G+4G ,Access,TNM, YES ,No,No,Dense Urban
MW6194, NANKHWALI , 34.845860 ,-14.134650 , 2G+3G+4G ,Access,TNM, YES ,No,No,Rural
MW6156, NEWLANDSEXT , 35.077346 ,-15.841156 , 2G+3G+4G ,Access,TNM, YES ,No,No,Dense Urban
MW6191, PIH , 34.779030 ,-15.436020 , 2G+3G+4G ,Access,Airtel, YES ,No,No,Rural
MW6161, SALIMAHOSPITAL , 34.424437 ,-13.763219 , 2G+3G+4G ,Access,TNM, YES ,No,No,Residential
MW6187, SELASSIEAVN , 35.010386 ,-15.787284 , 2G+3G+4G ,Access,Fatima Arcade, YES ,No,Yes,Dense Urban
MW6190, SIMBIFARM , 32.987020 ,-13.942800 , 2G+3G+4G ,Access,Simbi Farms, YES ,No,No,Rural
MW6195, ZALEWARDBLOCK , 34.857360 ,-15.444500 , 2G+3G+4G ,Access,TNM, YES ,No,No,Residential
MW0078, MALEMBOLL , 33.412346 ,-13.618786 , 2G+3G+4G ,Access,TNM, YES ,No,No,Rural
MW0079, MSAKAMBEWA , 33.896179 ,-13.552700 , 2G+3G+4G ,Access,Airtel, YES ,No,No,Rural
MW0056, MCHETERA , 33.284771 ,-13.874337 , 2G+3G+4G ,Access,Airtel, YES ,No,No,Rural
MW0189, KAPILI , 34.653589 ,-14.309888 , 2G+3G+4G ,Access,Airtel, YES ,No,No,Rural
MW0165, CHIMATRADINGCENTRE , 33.769363 ,-13.099895 , 2G+3G+4G ,Access,Airtel, YES ,No,No,Rural
MW0081, MAKHOSOKAZI , 33.394744 ,-12.195760 , 2G+3G+4G ,Access,Airtel, YES ,No,No,Rural
MW1463, KAPOPO , 33.421166 ,-12.284121 , 2G+3G+4G ,Access,Airtel, YES ,No,No,Rural
MW0444, SUZATC , 33.481255 ,-12.941698 , 2G+3G+4G ,Access,Airtel, YES ,No,No,Rural
MW1462, KAMELA , 33.299766 ,-13.618403 , 2G+3G+4G ,Access,Airtel, YES ,No,No,Rural
MW0172, MPAMANTHA , 34.253708 ,-13.067679 , 2G+3G+4G ,Access,Airtel, YES ,No,No,Rural
MW0179, NTOMBOSOLA , 34.694297 ,-16.121122 , 2G+3G+4G ,Access,Airtel, YES ,No,No,rural
MW0096, NDAKWERA , 34.689570 ,-16.222616 , 2G+3G+4G ,Access,Airtel, YES ,No,No,rural
MW0010, ABRAHAM , 34.548500 ,-14.345600 , 2G+3G+4G ,Access,MTL, YES ,No,Yes,Rural
MW0479, CHAPOLA , 35.478126 ,-15.347677 , 2G+3G+4G ,Access,Airtel, YES ,No,No,Rural
MW0044, CHIMEMBE , 34.890149 ,-15.777140 , 2G+3G+4G ,Access,MDBNL, YES ,No,No,Rural
MW6197, REGPADZUWA , 34.841860 ,-15.879260 , 2G+3G+4G ,Access,Airtel, YES ,No,No,rural
MW0073, CHANKHOZI , 33.393470 ,-13.095420 , 2G+3G+4G ,Access,Airtel, YES ,No,No,Rural
MW0051, MALUWA , 33.873890 ,-14.264502 , 2G+3G+4G ,Access,Airtel, YES ,No,No,Rural
MW0048, LINTHIPE3 , 34.218437 ,-14.337161 , 2G+3G+4G ,Access,Airtel, YES ,No,No,Rural
MW1464, MUNYANJA , 33.499200 ,-11.232679 , 2G+3G+4G ,Access,Airtel, YES ,No,No,Rural
MW0177, CHISINGA , 33.327976 ,-12.625161 , 2G+3G+4G ,Access,TNM, YES ,No,No,Rural
MW0070, MPHEPO , 33.555267 ,-13.180629 , 2G+3G+4G ,Access,Airtel, YES ,No,No,Rural
MW0075, DZIWE , 35.138126 ,-15.102474 , 2G+3G+4G ,Access,Airtel, YES ,No,No,Rural
MW0011, KALELENGA , 33.681560 ,-13.621290 , 2G+3G+4G ,Access,Airtel, YES ,No,No,Rural
MW0482, MALANDIHILL , 33.673600 ,-13.765530 , 2G+3G+4G ,Access,Airtel, YES ,No,No,Rural
MW0020, MAKUNGANYA , 35.428738 ,-14.247629 , 2G+3G+4G ,Access,Airtel, YES ,No,No,Rural
MW0174, LUNGWENA , 35.250985 ,-14.244881 , 2G+3G+4G ,Access,Airtel, YES ,No,No,Rural
MW0047, KANJATI , 34.654385 ,-14.866668 , 2G+3G+4G ,Access,Airtel, YES ,No,No,Rural
MW0040, KAKOMAESTATE , 33.532330 ,-14.069438 , 2G+3G+4G ,Access,Airtel, YES ,No,No,Rural
MW0141, WALEMERA , 34.161175 ,-12.666754 , 2G+3G+4G ,Access,Airtel, YES ,No,No,Rural
MW6196, REGNJERENJE , 35.064120 ,-15.251100 , 2G+3G+4G ,Access,Airtel, YES ,No,No,Rural
MW6198, REGTHUKUTA , 35.260655 ,-16.396735 , 2G+3G+4G ,Access,Airtel, YES ,No,No,Rural
MW6199, REGNAMANJAMJ , 35.643440 ,-15.987070 , 2G+3G+4G ,Access,Airtel, YES ,No,No,Rural
MW6206, REGBAMBA , 35.677808 ,-14.849930 , 2G+3G+4G ,Access,Airtel, YES ,No,No,Rural
MW6201, REGCHIMWANJALE , 34.393290 ,-15.875850 , 2G+3G+4G ,Access,Airtel, YES ,No,No,rural
MW6202, REGCHITAWO , 35.280811 ,-15.751095 , 2G+3G+4G ,Access,Airtel, YES ,No,No,Rural
MW6204, REGCHIUNDA , 35.213973 ,-15.326568 , 2G+3G+4G ,Access,Airtel, YES ,No,No,Rural
MW6205, REGMKWEPERE , 35.601794 ,-14.622860 , 2G+3G+4G ,Access,Airtel, YES ,No,No,Rural
MW4006, AREA25BLOWER , 33.742267 ,-13.892454 , 2G+3G+4G ,Access,Airtel, YES ,No,No,Dense Urban
MW4007, AREA49ZEBRA , 33.748068 ,-13.914353 , 2G+3G+4G ,Access,TNM, YES ,No,No,Dense Urban
MW4009, BWEMBA , 33.724388 ,-14.001756 , 2G+3G+4G ,Access,Airtel, YES ,No,No,Dense Urban
MW4010, CHIBAVIRESIDENTIAL , 34.005180 ,-11.450020 , 2G+3G+4G ,Access,TNM, YES ,No,Yes,Urban
MW4011, GEISHA , 33.981870 ,-11.472610 , 2G+3G+4G ,Access,TNM, YES ,No,Yes,Urban
MW4012, AREA1B , 33.995077 ,-11.401880 , 2G+3G+4G ,Access,TNM, YES ,No,No,Urban
MW4013, MCHENGAUTUBA , 33.991950 ,-11.446020 , 2G+3G+4G ,Access,TNM, YES ,No,Yes,Urban
MW4014, NKHATABAYNEW , 34.263365 ,-11.594240 , 2G+3G+4G ,Access,Airtel, YES ,No,No,Residential
MW4015, CHITIPARESIDENTIAL , 33.274144 ,-9.711191 , 2G+3G+4G ,Access,Airtel, YES ,No,No,Residential
MW4016, MCHEZI , 33.831910 ,-13.859770 , 2G+3G+4G ,Access,Airtel, YES ,No,No,Dense Urban
MW4017, NALIKULE , 33.863530 ,-13.825130 , 2G+3G+4G ,Access,Airtel, YES ,No,No,Rural
MW4019, SALIMAADMARC , 34.477341 ,-13.789021 , 2G+3G+4G ,Access,Airtel, YES ,No,No,Residential
MW4021, ANDIYAMO , 34.950010 ,-15.002950 , 2G+3G+4G ,Access,TNM, YES ,No,No,Residential
MW4022, LLBYPASS , 33.769916 ,-14.045934 , 2G+3G+4G ,Access,TNM, YES ,No,No,Dense Urban
MW4024, NEWGULLIVER , 33.754291 ,-13.927238 , 2G+3G+4G ,Access,Airtel, YES ,No,No,Dense Urban
MW4025, BINGUSTADIUM , 33.752640 ,-13.943670 , 2G+3G+4G ,Access,BNS, YES ,No,Yes,Dense Urban
MW4026, AMARYLLISHOTEL-ULIMIHOUSE , 35.000609 ,-15.785027 , 2G+3G+4G ,Access,TNM, YES ,No,No,Dense Urban
MW4000, KHONJENI , 35.271276 ,-16.097402 , 2G+3G+4G ,Access,Airtel, YES ,No,No,Rural
MW4001, KHWISA , 34.943170 ,-14.890200 , 2G+3G+4G ,Access,TNM, YES ,No,Yes,Rural
MW4002, KADEWERE , 35.247190 ,-15.697368 , 2G+3G+4G ,Access,TNM, YES ,No,No,Rural
MW4003, CHINUNKHA , 33.345630 ,-9.659352 , 2G+3G+4G ,Access,Airtel, YES ,No,No,Rural
MW4027, AREA18FILLINGSTATION , 33.780077 ,-13.943093 , 2G+3G+4G ,Access,Airtel, YES ,No,No,Dense Urban
MW4005, CHIZUMULU , 34.623901 ,-12.018058 , 2G+3G+4G ,Access,Airtel, YES ,No,No,Rural
MW2634, NKHAMENYA2 , 33.493040 ,-12.599869 , 2G+3G+4G ,Access,TNM, YES ,No,No,Rural
MW2672, DOWATURNOFF , 33.805984 ,-13.720036 , 2G+3G+4G ,Access,Airtel, YES ,No,No,Rural
MW2656, KACHULE , 33.662100 ,-14.119800 , 2G+3G+4G ,Access,Airtel, YES ,No,No,Rural
MW2673, DANGALIRO , 33.679650 ,-13.676420 , 2G+3G+4G ,Access,TNM, YES ,No,No,Rural
MW2617, NDEVU , 33.912700 ,-14.452800 , 2G+3G+4G ,Access,Airtel, YES ,No,No,Rural
MW2674, SIMBI , 33.613461 ,-13.526537 , 2G+3G+4G ,Access,Airtel, YES ,No,No,Rural
MW2606, CHIMBALANGA , 35.410030 ,-15.714000 , 2G+3G+4G ,Access,Airtel, YES ,No,No,Rural
MW2675, LULANGA , 34.917005 ,-13.687610 , 2G+3G+4G ,Access,Airtel, YES ,No,No,Rural
MW2621, NSANJECCAP , 35.263190 ,-16.909140 , 2G+3G+4G ,Access,TNM, YES ,No,No,Residential
MW2625, LUGOLA , 35.146922 ,-13.967250 , 2G+3G+4G ,Access,Airtel, YES ,No,No,Rural
MW2649, MALAZA , 34.151500 ,-11.875600 , 2G+3G+4G ,Access,Airtel, YES ,No,No,Rural
MW2658, KADETA , 34.660800 ,-14.683000 , 2G+3G+4G ,Access,Airtel, YES ,No,No,Rural
MW2677, DOWARP , 33.934231 ,-13.684236 , 2G+3G+4G ,Access,Airtel, YES ,No,No,Rural
MW2659, WIMBETC , 33.692040 ,-12.985160 , 2G+3G+4G ,Access,Airtel, YES ,No,No,Rural
MW2619, CHIBUNGO , 33.451900 ,-13.963800 , 2G+3G+4G ,Access,Airtel, YES ,No,No,Rural
MW2647, DZUNJE , 34.738100 ,-14.778200 , 2G+3G+4G ,Access,Airtel, YES ,No,No,Rural
MW2614, BALANI , 33.827400 ,-14.318000 , 2G+3G+4G ,Access,Airtel, YES ,No,No,Rural
MW2602, NAKUWAWA , 33.596900 ,-13.932400 , 2G+3G+4G ,Access,TVM, YES ,No,No,Rural
MW2633, MUWA , 35.551987 ,-15.486497 , 2G+3G+4G ,Access,Airtel, YES ,No,No,Rural
MW2668, KASESE , 33.634210 ,-13.290300 , 2G+3G+4G ,Access,Airtel, YES ,No,No,Rural
MW2652, KATHONGERA , 33.344600 ,-12.707400 , 2G+3G+4G ,Access,Airtel, YES ,No,No,Rural
MW2618, MAUZI , 35.802934 ,-15.694270 , 2G+3G+4G ,Access,Airtel, YES ,No,No,Rural
MW2613, NTSAPIRA , 33.257200 ,-13.696700 , 2G+3G+4G ,Access,Airtel, YES ,No,No,Rural
MW2679, LIBANDAHILL , 35.542220 ,-14.594220 , 2G+3G+4G ,Access,Airtel, YES ,No,No,Rural
MW2665, NAMTOMBOZI , 35.427700 ,-16.106700 , 2G+3G+4G ,Access,Airtel, YES ,No,No,Rural
MW2681, LIVUNZU , 35.014510 ,-16.187000 , 2G+3G+4G ,Access,Airtel, YES ,No,No,rural
MW2605, CHIKOWA , 33.455200 ,-13.727600 , 2G+3G+4G ,Access,Airtel, YES ,No,No,Rural
MW2651, KATOYI , 33.434100 ,-12.506000 , 2G+3G+4G ,Access,Airtel, YES ,No,No,Rural
MW2683, KAPHAIZI , 33.379720 ,-12.994680 , 2G+3G+4G ,Access,Airtel, YES ,No,No,Rural
MW2615, MPHAZA , 33.837800 ,-13.371100 , 2G+3G+4G ,Access,Airtel, YES ,No,No,Rural
MW2662, NAMANDANJE , 35.481500 ,-14.879300 , 2G+3G+4G ,Access,Airtel, YES ,No,No,Residential
MW2690, NAMPHUNGOTC , 35.348314 ,-15.807003 , 2G+3G+4G ,Access,Airtel, YES ,No,No,Rural
MW2691, NJUMWA , 35.665885 ,-15.764888 , 2G+3G+4G ,Access,Airtel, YES ,No,No,Rural
MW2685, MWALAWOYERA , 34.763969 ,-14.715250 , 2G+3G+4G ,Access,Airtel, YES ,No,No,Rural
MW2686, KOKOLO , 35.574820 ,-15.772060 , 2G+3G+4G ,Access,MDBNL, YES ,No,No,Rural
MW2630, MKAMWA , 35.140100 ,-15.331600 , 2G+3G+4G ,Access,Airtel, YES ,No,No,Rural
MW2623, MANKHOKWE , 35.207500 ,-17.072200 , 2G+3G+4G ,Access,Airtel, YES ,No,No,Rural
MW2687, CHIKUMBA , 34.349911 ,-13.669538 , 2G+3G+4G ,Access,Airtel, YES ,No,No,Rural
MW2657, KACHULUTC , 34.522044 ,-13.634500 , 2G+3G+4G ,Access,Airtel, YES ,No,No,Rural
MW2200, DZALEKACOW , 33.870451 ,-13.668040 , 2G+3G+4G ,Access,Airtel, YES ,No,No,Residential